Portfolio,Account,Position Id,Strategy,Security Code,Commitment Amount Base,Intraday Balance,Drawn Amount Base,Drawn Amount Local,Daily Accrual Local,PTD (Net),Next Interest Payment Local,Last Interest Payment Rounded,Last Interest Payment Amount,Last Interest Payment Date,UnpaidInterestLocalInternal,Open Date,Extension Date,Maturity Date,Days to Maturity,ITD Period,Number of Extensions,ETD Period,QTDAccrualLocalInternal,Internal Notes,Spread,Benchmark,Rate,Floor,Open  to Maturity date,Date,Pending Balance,NextResetDateInternal
SFF,SFF_BMO_ACCT,5429,2026092518271634_SFF Term - 1mS_BMO Umbrella,SFF Term - 1mS,"3,100,000.00",,"-450,000.00","-450,000.00",-81.43,-81.43,"-2,443.05",0.0,,,-81.43,9/27/2026 12:00:00 AM,,10/27/2026 12:00:00 AM,30,1,,,-81.43,,2.50%,3.90%,6.51%,0.50%,30.0,9/27/2026 12:00:00 AM,,10/27/2026 12:00:00 AM
Trinity Private Equity,Trinity Private Equity_ACCT,5420,202609251423446_Trinity Private Equity Term - 3mS_,Trinity Private Equity Term - 3mS,"650,000,000.00",,"-794,062.04","-794,062.04",-143.31,-429.94,"-13,471.48",0.0,,,-429.94,9/25/2026 12:00:00 AM,,12/28/2026 12:00:00 AM,92,3,,,-429.94,Capitalized Interest for Project Joule,2.45%,4.05%,6.50%,,94.0,9/27/2026 12:00:00 AM,,12/28/2026 12:00:00 AM
SCFII,SCFII_ACCT,5419,2026092421510459_SCFII Term - 3mS_SCFII,SCFII Term - 3mS,"50,000,000.00",,"-5,100,000.00","-5,100,000.00",-906.29,"-2,718.87","-85,191.24",0.0,,,"-2,718.87",9/25/2026 12:00:00 AM,,12/28/2026 12:00:00 AM,92,3,,,"-2,718.87",,2.35%,4.05%,6.40%,,94.0,9/27/2026 12:00:00 AM,,12/28/2026 12:00:00 AM
IFH,IFH_BMO_ACCT,5418,2026092421271756_IFH Term - 1mS_BMO Umbrella,IFH Term - 1mS,"4,200,000.00",,"-1,600,000.00","-1,600,000.00",-289.47,"-1,157.86","-9,262.92",0.0,,,"-1,157.86",9/24/2026 12:00:00 AM,,10/26/2026 12:00:00 AM,29,4,,,"-1,157.86",,2.50%,3.90%,6.51%,0.50%,32.0,9/27/2026 12:00:00 AM,,10/26/2026 12:00:00 AM
SMART,SMART_BMO_ACCT,5417,2026092421252153_SMART Term - 1mS_BMO Umbrella,SMART Term - 1mS,"11,500,000.00",,"-1,500,000.00","-1,500,000.00",-271.37,"-1,085.50","-8,683.99",0.0,,,"-1,085.50",9/24/2026 12:00:00 AM,,10/26/2026 12:00:00 AM,29,4,,,"-1,085.50",,2.50%,3.90%,6.51%,0.50%,32.0,9/27/2026 12:00:00 AM,,10/26/2026 12:00:00 AM
SF,SF_BMO_ACCT,5415,2026092421224149_SF Term - 1mS_BMO Umbrella,SF Term - 1mS,"3,100,000.00",,"-1,600,000.00","-1,600,000.00",-289.47,"-1,157.86","-9,262.92",0.0,,,"-1,157.86",9/24/2026 12:00:00 AM,,10/26/2026 12:00:00 AM,29,4,,,"-1,157.86",,2.50%,3.90%,6.51%,0.50%,32.0,9/27/2026 12:00:00 AM,,10/26/2026 12:00:00 AM
IF,IF_BMO_ACCT,5413,2026092421203145_IF Term - 1mS_BMO Umbrella,IF Term - 1mS,"3,100,000.00",,"-1,600,000.00","-1,600,000.00",-289.47,"-1,157.86","-9,262.92",0.0,,,"-1,157.86",9/24/2026 12:00:00 AM,,10/26/2026 12:00:00 AM,29,4,,,"-1,157.86",,2.50%,3.90%,6.51%,0.50%,32.0,9/27/2026 12:00:00 AM,,10/26/2026 12:00:00 AM
BUCKEYE,BUCKEYE_BMO_ACCT,5411,2026092421173041_BUCKEYE Term - 1mS_BMO Umbrella,BUCKEYE Term - 1mS,"8,700,000.00",,"-2,600,000.00","-2,600,000.00",-470.38,"-1,881.53","-15,052.24",0.0,,,"-1,881.53",9/24/2026 12:00:00 AM,,10/26/2026 12:00:00 AM,29,4,,,"-1,881.53",,2.50%,3.90%,6.51%,0.50%,32.0,9/27/2026 12:00:00 AM,,10/26/2026 12:00:00 AM
TEKTON,TEKTON_BMO_ACCT,5409,2026092421154337_TEKTON Term - 1mS_BMO Umbrella,TEKTON Term - 1mS,"13,700,000.00",,"-5,400,000.00","-5,400,000.00",-976.95,"-3,907.79","-31,262.35",0.0,,,"-3,907.79",9/24/2026 12:00:00 AM,,10/26/2026 12:00:00 AM,29,4,,,"-3,907.79",,2.50%,3.90%,6.51%,0.50%,32.0,9/27/2026 12:00:00 AM,,10/26/2026 12:00:00 AM
EDISTO 2026,EDISTO 2026_ACCT,5407,2026092420060633_EDISTO 2026 Term - 1mS_EDISTO 202,EDISTO 2026 Term - 1mS,"100,000,000.00",,"-100,000.00","-100,000.00",-15.69,-62.76,-502.09,0.0,,,-62.76,9/24/2026 12:00:00 AM,,10/26/2026 12:00:00 AM,29,4,,,-62.76,September Expenses,1.75%,3.90%,5.65%,,32.0,9/27/2026 12:00:00 AM,,10/26/2026 12:00:00 AM
ICENI,ICENI_ACCT,5406,2026092416201411_ICENI Open - 1mS_ICENI,ICENI Open - 1mS,"50,000,000.00",,"-8,400,000.00","-8,400,000.00","-1,501.12","-4,503.35","-9,006.70",0.0,,,"-4,503.35",9/25/2026 12:00:00 AM,,,,3,,,"-4,503.35",,2.75%,3.68%,6.43%,,2.0,9/27/2026 12:00:00 AM,,10/1/2026 12:00:00 AM
Nippon,Nippon_ACCT,5405,2026092322290052_Nippon Term - 1mS_Nippon,Nippon Term - 1mS,"15,000,000.00",,"-2,600,000.00","-2,600,000.00",-441.39,"-2,206.93","-13,241.58",0.0,,,"-2,206.93",9/23/2026 12:00:00 AM,,10/23/2026 12:00:00 AM,26,5,,,"-2,206.93","H.I.G. Bayside Loan Opportunity Feeder Fund VII (Europe-US$), L.P., OrbiMed RCO V Offshore Feeder, LP, & September Expenses",2.10%,3.90%,6.11%,,30.0,9/27/2026 12:00:00 AM,,10/23/2026 12:00:00 AM
SCFII,SCFII_ACCT,5404,2026092320482148_SCFII Term - 3mS_SCFII,SCFII Term - 3mS,"50,000,000.00",,"-3,000,000.00","-3,000,000.00",-533.11,"-1,599.34","-50,112.50",0.0,,,"-1,599.34",9/25/2026 12:00:00 AM,,12/28/2026 12:00:00 AM,92,3,,,"-1,599.34",,2.35%,4.05%,6.40%,,94.0,9/27/2026 12:00:00 AM,,12/28/2026 12:00:00 AM
SCF,SCF_ACCT,5403,2026092320482147_SCF Term - 1mS_SCF,SCF Term - 1mS,"50,000,000.00",,"-1,500,000.00","-1,500,000.00",-270.76,-812.28,"-7,581.28",0.0,,,-812.28,9/25/2026 12:00:00 AM,,10/23/2026 12:00:00 AM,26,3,,,-812.28,,2.60%,3.90%,6.50%,5.60%,28.0,9/27/2026 12:00:00 AM,,10/23/2026 12:00:00 AM
Ballmer,Ballmer_ACCT,5402,2026092319233536_Ballmer Term - 1mS_Ballmer,Ballmer Term - 1mS,"5,000,000.00",,"-1,200,000.00","-1,200,000.00",-213.23,"-1,492.64","-6,397.02",0.0,,,"-1,492.64",9/21/2026 12:00:00 AM,,10/21/2026 12:00:00 AM,24,7,,,"-1,492.64",,2.50%,3.90%,6.40%,5.82%,30.0,9/27/2026 12:00:00 AM,,10/21/2026 12:00:00 AM
CROWN,CROWN_BMO_ACCT,5401,2026092319012933_CROWN Term - 1mS_BMO Umbrella,CROWN Term - 1mS,"9,100,000.00",,"-3,000,000.00","-3,000,000.00",-542.75,"-2,171.00","-17,367.97",0.0,,,"-2,171.00",9/24/2026 12:00:00 AM,,10/26/2026 12:00:00 AM,29,4,,,"-2,171.00",,2.50%,3.90%,6.51%,0.50%,32.0,9/27/2026 12:00:00 AM,,10/26/2026 12:00:00 AM
CIS IV,CIS IV_ACCT,5400,2026092318425521_CIS IV Open - 1mS_CIS IV,CIS IV Open - 1mS,"170,000,000.00",,"-100,000.00","-100,000.00",-15.37,-61.48,-107.59,0.0,,,-61.48,9/24/2026 12:00:00 AM,,,,4,,,-61.48,September '26 Expense Batch,1.85%,3.68%,5.53%,,3.0,9/27/2026 12:00:00 AM,,10/1/2026 12:00:00 AM
Trinity Real Assets,Trinity Real Assets_ACCT,5399,2026092314525014_Trinity Real Assets Term - 3mS_TR,Trinity Real Assets Term - 3mS,"650,000,000.00",,"-1,173,269.49","-1,173,269.49",-211.36,"-1,056.82","-19,234.14",0.0,,,"-1,056.82",9/23/2026 12:00:00 AM,,12/23/2026 12:00:00 AM,87,5,,,"-1,056.82",Magnolia and Bricklayer Capitalized Interest,2.45%,4.04%,6.49%,,91.0,9/27/2026 12:00:00 AM,,12/23/2026 12:00:00 AM
Trinity Private Credit,Trinity Private Credit_ACCT,5398,2026092314520811_Trinity Private Credit Term - 3mS,Trinity Private Credit Term - 3mS,"650,000,000.00",,"-153,922.91","-153,922.91",-27.73,-138.65,"-2,523.35",0.0,,,-138.65,9/23/2026 12:00:00 AM,,12/23/2026 12:00:00 AM,87,5,,,-138.65,Model T Capitalized Interest,2.45%,4.04%,6.49%,,91.0,9/27/2026 12:00:00 AM,,12/23/2026 12:00:00 AM
REV 2024 ST,REV 2024 ST_ACCT,5397,2026092222105969_REV 2024 ST Term - 1mS_REV 2024 S,REV 2024 ST Term - 1mS,"25,000,000.00",,"-1,100,000.00","-1,100,000.00",-197.04,"-1,182.23","-5,911.13",0.0,,,"-1,182.23",9/22/2026 12:00:00 AM,,10/22/2026 12:00:00 AM,25,6,,,"-1,182.23",GCM Allport Holdings & GreenPoint TVP Partnership,2.55%,3.90%,6.45%,5.80%,30.0,9/27/2026 12:00:00 AM,,10/22/2026 12:00:00 AM
Trinity Private Credit,Trinity Private Credit_ACCT,5396,2026092220182359_Trinity Private Credit Term - 3mS,Trinity Private Credit Term - 3mS,"650,000,000.00",,"-200,000.00","-200,000.00",-36.03,-180.15,"-3,278.72",0.0,,,-180.15,9/23/2026 12:00:00 AM,,12/23/2026 12:00:00 AM,87,5,,,-180.15,September '26 Expense Batch,2.45%,4.04%,6.49%,,91.0,9/27/2026 12:00:00 AM,,12/23/2026 12:00:00 AM
GESO,GESO_BMO_ACCT,5395,2026092218495557_GESO Term - 1mS_BMO Umbrella,GESO Term - 1mS,"47,100,000.00",,"-100,000.00","-100,000.00",-18.09,-90.44,-542.63,0.0,,,-90.44,9/23/2026 12:00:00 AM,,10/23/2026 12:00:00 AM,26,5,,,-90.44,,2.50%,3.90%,6.51%,0.50%,30.0,9/27/2026 12:00:00 AM,,10/23/2026 12:00:00 AM
SCFII,SCFII_ACCT,5393,2026092216085030_SCFII Term - 3mS_SCFII,SCFII Term - 3mS,"50,000,000.00",,"-1,300,000.00","-1,300,000.00",-230.50,-921.98,"-20,975.15",-14265.87,"14,265.87","#,#.00",-921.98,7/21/2026 12:00:00 AM,9/24/2026 12:00:00 AM,12/24/2026 12:00:00 AM,88,69,1,4,"-15,187.85",,2.35%,4.03%,6.38%,,156.0,9/27/2026 12:00:00 AM,,12/24/2026 12:00:00 AM
JPASA,JPASA_BMO_ACCT,5392,2026092214270610_JPASA Term - 1mS_BMO Umbrella,JPASA Term - 1mS,"10,200,000.00",,"-350,000.00","-350,000.00",-63.32,-379.93,"-1,899.67",0.0,,,-379.93,9/22/2026 12:00:00 AM,,10/22/2026 12:00:00 AM,25,6,,,-379.93,,2.50%,3.90%,6.51%,0.50%,30.0,9/27/2026 12:00:00 AM,,10/22/2026 12:00:00 AM
AIF1,AIF1_BMO_ACCT,5388,2026092118533532_AIF1 Term - 1mS_BMO Umbrella,AIF1 Term - 1mS,"186,200,000.00",,"-3,650,000.00","-3,650,000.00",-660.36,"-4,369.25","-20,217.97",0.0,,,"-4,369.25",9/22/2026 12:00:00 AM,,10/22/2026 12:00:00 AM,25,6,,,"-4,369.25",,2.50%,3.90%,6.51%,0.50%,30.0,9/27/2026 12:00:00 AM,,10/22/2026 12:00:00 AM
ADVANCE,ADVANCE_ACCT,5386,2026091721194155_ADVANCE Term - 1mS_ADVANCE,ADVANCE Term - 1mS,"20,000,000.00",,"-300,000.00","-300,000.00",-47.80,-525.77,"-1,529.53",0.0,,,-525.77,9/17/2026 12:00:00 AM,,10/19/2026 12:00:00 AM,22,11,,,-525.77,TSG9 L.P. (prime converted to SOFR),1.85%,3.89%,5.74%,,32.0,9/27/2026 12:00:00 AM,,10/19/2026 12:00:00 AM
ADVANCE,ADVANCE_ACCT,5385,2026091720571042_ADVANCE Open - Prime_ADVANCE,ADVANCE Open - Prime,"20,000,000.00",,.00,.00,.00,-124.93,-124.93,0.0,,,-124.93,9/15/2026 12:00:00 AM,,,,13,,,-124.93,TSG9 L.P. (on prime),0.85%,6.75%,7.60%,,12.0,9/27/2026 12:00:00 AM,,10/1/2026 12:00:00 AM
Nestle-2025,Nestle-2025_ACCT,5384,2026091720471439_Nestle-2025 Term - 1mS_Nestle-202,Nestle-2025 Term - 1mS,"20,000,000.00",,"-3,200,000.00","-3,200,000.00",-532.06,"-5,852.70","-17,026.05",0.0,,,"-5,852.70",9/17/2026 12:00:00 AM,,10/19/2026 12:00:00 AM,22,11,,,"-5,852.70",Qualitas Energy  Fund VI SCSP,2.10%,3.89%,5.99%,,32.0,9/27/2026 12:00:00 AM,,10/19/2026 12:00:00 AM
SCF,SCF_ACCT,5383,202609171546326_SCF Term - 1mS_SCF,SCF Term - 1mS,"50,000,000.00",,"-1,900,000.00","-1,900,000.00",-342.37,"-4,108.38","-10,270.96",0.0,,,"-4,108.38",9/16/2026 12:00:00 AM,,10/16/2026 12:00:00 AM,19,12,,,"-4,108.38",,2.60%,3.89%,6.49%,5.60%,30.0,9/27/2026 12:00:00 AM,,10/16/2026 12:00:00 AM
TEKTON,TEKTON_BMO_ACCT,5382,2026091521324414_TEKTON Term - 1mS_BMO Umbrella,TEKTON Term - 1mS,"13,700,000.00",,"-150,000.00","-150,000.00",-26.98,-323.80,-809.50,0.0,,,-323.80,9/16/2026 12:00:00 AM,,10/16/2026 12:00:00 AM,19,12,,,-323.80,,2.50%,3.86%,6.48%,0.50%,30.0,9/27/2026 12:00:00 AM,,10/16/2026 12:00:00 AM
WPP Infra II,WPP_Infra_II_ACCT,5380,202609151446583_WPP Infra II Term - 1M SONIA_WPP I,WPP Infra II Term - 1M SONIA,"30,000,000.00",,"-100,000.00","-100,000.00",-15.45,-370.49,-478.63,0.0,,,-370.49,9/4/2026 12:00:00 AM,,10/5/2026 12:00:00 AM,8,24,,,-370.49,,1.90%,3.73%,5.64%,,31.0,9/27/2026 12:00:00 AM,,10/5/2026 12:00:00 AM
GSF II,GSF II_ACCT,5379,2026091421373063_GSF II Open - o/n SOFR_GSF II,GSF II Open - o/n SOFR,"80,000,000.00",,"-1,900,000.00","-1,900,000.00",-327.22,"-4,147.81","-5,129.47",0.0,,,"-4,147.81",9/15/2026 12:00:00 AM,,,,13,,,"-4,147.81",,2.35%,3.85%,6.20%,,12.0,9/27/2026 12:00:00 AM,,10/1/2026 12:00:00 AM
GSF II,GSF II_ACCT,5378,2026091421360760_GSF II Open - o/n SOFR_GSF II,GSF II Open - o/n SOFR,"80,000,000.00",,"-200,000.00","-200,000.00",-34.44,-403.33,-506.67,0.0,,,-403.33,9/16/2026 12:00:00 AM,,,,12,,,-403.33,,2.35%,3.85%,6.20%,,11.0,9/27/2026 12:00:00 AM,,10/1/2026 12:00:00 AM
WPP Infra II,WPP_Infra_II_ACCT,5377,2026091421354558_WPP Infra II Term - 1M SONIA_WPP,WPP Infra II Term - 1M SONIA,"30,000,000.00",,"-4,500,000.00","-4,500,000.00",-694.50,"-7,638.19","-22,222.78",0.0,,,"-7,638.19",9/17/2026 12:00:00 AM,,10/19/2026 12:00:00 AM,22,11,,,"-7,638.19",,1.90%,3.73%,5.63%,,32.0,9/27/2026 12:00:00 AM,,10/19/2026 12:00:00 AM
SCFII,SCFII_ACCT,5376,20260910195121159_SCFII Term - 3mS_SCFII,SCFII Term - 3mS,"50,000,000.00",,"-1,200,000.00","-1,200,000.00",-207.01,"-2,898.18","-18,838.18",-11025.1,"11,025.10","#,#.00","-2,898.18",7/21/2026 12:00:00 AM,9/14/2026 12:00:00 AM,12/14/2026 12:00:00 AM,78,69,1,14,"-13,923.28",,2.35%,3.86%,6.21%,,146.0,9/27/2026 12:00:00 AM,,12/14/2026 12:00:00 AM
PARKLAND 2026-2 Private Credit,PARKLAND 2026-2 Private Credit_ACCT,5375,20260910163239139_PARKLAND 2026-2 Private Credit T,PARKLAND 2026-2 Private Credit Term - 1mS,"30,000,000.00",,"-100,000.00","-100,000.00",-17.12,-239.61,-513.46,0.0,,,-239.61,9/14/2026 12:00:00 AM,,10/14/2026 12:00:00 AM,17,14,,,-239.61,Q2/Q3 2026 Management Fee,2.30%,3.86%,6.16%,5.00%,30.0,9/27/2026 12:00:00 AM,,10/14/2026 12:00:00 AM
PARKLAND 2026-1 Private Equity,PARKLAND 2026-1 Private Equity_ACCT,5374,20260910163149136_PARKLAND 2026-1 Private Equity T,PARKLAND 2026-1 Private Equity Term - 1mS,"30,000,000.00",,"-100,000.00","-100,000.00",-17.12,-239.61,-513.46,0.0,,,-239.61,9/14/2026 12:00:00 AM,,10/14/2026 12:00:00 AM,17,14,,,-239.61,Q2/Q3 2026 Management Fee,2.30%,3.86%,6.16%,5.00%,30.0,9/27/2026 12:00:00 AM,,10/14/2026 12:00:00 AM
CIS IV,CIS IV_ACCT,5373,20260910153722127_CIS IV Open - 1mS_CIS IV,CIS IV Open - 1mS,"170,000,000.00",,"-9,469.15","-9,469.15",-1.46,-26.20,-30.56,0.0,,,-26.20,9/10/2026 12:00:00 AM,,,,18,,,-26.20,Capitalized Interest August 26,1.85%,3.68%,5.53%,,17.0,9/27/2026 12:00:00 AM,,10/1/2026 12:00:00 AM
CIS IV USD,CIS IV USD_ACCT,5372,20260910153158102_CIS IV USD Open - 1mS_CIS IV,CIS IV USD Open - 1mS,"170,000,000.00",,"-213,294.92","-213,294.92",-32.78,-590.12,-688.47,0.0,,,-590.12,9/10/2026 12:00:00 AM,,,,18,,,-590.12,Capitalized Interest August 26,1.85%,3.68%,5.53%,,17.0,9/27/2026 12:00:00 AM,,10/1/2026 12:00:00 AM
CIS IV GBP,CIS IV GBP_ACCT,5371,2026091015265683_CIS IV GBP Open - SONIA_CIS IV,CIS IV GBP Open - SONIA,"170,000,000.00",,"-120,899.36","-91,372.35",-13.98,-251.59,-293.54,0.0,,,-251.59,9/10/2026 12:00:00 AM,,,,18,,,-251.59,Capitalized Interest August 26,1.85%,3.73%,5.59%,0.00%,17.0,9/27/2026 12:00:00 AM,,10/1/2026 12:00:00 AM
CIS IV EUR,CIS IV EUR_ACCT,5370,2026091015205664_CIS IV EUR Open - 1m EUR_CIS IV,CIS IV EUR Open - 1m EUR,"170,000,000.00",,-397.88,-349.38,-.04,-.72,-.84,0.0,,,-.72,9/10/2026 12:00:00 AM,,,,18,,,-.72,Capitalized Interest August 26,1.85%,2.29%,4.14%,,17.0,9/27/2026 12:00:00 AM,,10/1/2026 12:00:00 AM
REV 2024 ST,REV 2024 ST_ACCT,5369,2026090919424522_REV 2024 ST Term - 1mS_REV 2024 S,REV 2024 ST Term - 1mS,"25,000,000.00",,"-300,000.00","-300,000.00",-52.68,"-1,000.93","-1,580.42",0.0,,,"-1,000.93",9/9/2026 12:00:00 AM,,10/9/2026 12:00:00 AM,12,19,,,"-1,000.93","Stablewood DevCap 1 Joint Venture, LP",2.55%,3.77%,6.32%,5.80%,30.0,9/27/2026 12:00:00 AM,,10/9/2026 12:00:00 AM
EMPIRE GCM Anchor 2019,EMPIRE GCM Anchor_ACCT,5367,202609091518122_EMPIRE GCM Anchor 2019 Term - 1mS_,EMPIRE GCM Anchor 2019 Term - 1mS,"35,000,000.00",,"-900,000.00","-900,000.00",-141.06,"-2,680.10","-4,231.73",0.0,,,"-2,680.10",9/9/2026 12:00:00 AM,,10/9/2026 12:00:00 AM,12,19,,,"-2,680.10","Pennybacker Real Estate Credit II, LP",1.90%,3.74%,5.64%,,30.0,9/27/2026 12:00:00 AM,,10/9/2026 12:00:00 AM
PARKLAND 2026-1 Private Equity,PARKLAND 2026-1 Private Equity_ACCT,5366,2026090817192199_PARKLAND 2026-1 Private Equity Te,PARKLAND 2026-1 Private Equity Term - 1mS,"30,000,000.00",,"-34,239.13","-34,239.13",-5.75,-137.92,-178.15,0.0,,,-137.92,9/4/2026 12:00:00 AM,,10/5/2026 12:00:00 AM,8,24,,,-137.92,LOC Closing Fee,2.30%,3.74%,6.04%,5.00%,31.0,9/27/2026 12:00:00 AM,,10/5/2026 12:00:00 AM
PARKLAND 2026-2 Private Credit,PARKLAND 2026-2 Private Credit_ACCT,5365,2026090817184295_PARKLAND 2026-2 Private Credit Te,PARKLAND 2026-2 Private Credit Term - 1mS,"30,000,000.00",,"-40,760.87","-40,760.87",-6.84,-164.19,-212.08,0.0,,,-164.19,9/4/2026 12:00:00 AM,,10/5/2026 12:00:00 AM,8,24,,,-164.19,LOC Closing Fee,2.30%,3.74%,6.04%,5.00%,31.0,9/27/2026 12:00:00 AM,,10/5/2026 12:00:00 AM
PARKLAND 2026-2 Private Credit,PARKLAND 2026-2 Private Credit_ACCT,5364,2026090817164593_PARKLAND 2026-2 Private Credit Te,PARKLAND 2026-2 Private Credit Term - 1mS,"30,000,000.00",,"-4,700,000.00","-4,700,000.00",-788.86,"-18,932.57","-24,454.57",0.0,,,"-18,932.57",9/4/2026 12:00:00 AM,,10/5/2026 12:00:00 AM,8,24,,,"-18,932.57",TCW First Drawdown,2.30%,3.74%,6.04%,5.00%,31.0,9/27/2026 12:00:00 AM,,10/5/2026 12:00:00 AM
EWIF II,EWIF II_ACCT,5362,2026090816260590_EWIF II Term - 1mS_EWIF II,EWIF II Term - 1mS,"75,000,000.00",,"-187,500.00","-187,500.00",-29.40,-705.56,-911.34,0.0,,,-705.56,9/4/2026 12:00:00 AM,,10/5/2026 12:00:00 AM,8,24,,,-705.56,LOC Closing Fee,1.90%,3.74%,5.64%,,31.0,9/27/2026 12:00:00 AM,,10/5/2026 12:00:00 AM
Trinity Real Assets,Trinity Real Assets_ACCT,5361,2026090815533478_Trinity Real Assets Term - 3mS_TR,Trinity Real Assets Term - 3mS,"650,000,000.00",,"-31,188.46","-31,188.46",-5.45,-109.06,-496.22,0.0,,,-109.06,9/8/2026 12:00:00 AM,,12/8/2026 12:00:00 AM,72,20,,,-109.06,Lightspeed Capitalized Interest,2.45%,3.84%,6.29%,,91.0,9/27/2026 12:00:00 AM,,12/8/2026 12:00:00 AM
Trinity Real Assets,Trinity Real Assets_ACCT,5360,2026090815525075_Trinity Real Assets Term - 3mS_TR,Trinity Real Assets Term - 3mS,"650,000,000.00",,"-205,843.84","-205,843.84",-35.99,-719.79,"-3,275.05",0.0,,,-719.79,9/8/2026 12:00:00 AM,,12/8/2026 12:00:00 AM,72,20,,,-719.79,NewCold Capitalized Interest,2.45%,3.84%,6.29%,,91.0,9/27/2026 12:00:00 AM,,12/8/2026 12:00:00 AM
REV 2024 ST,REV 2024 ST_ACCT,5359,2026090815514671_REV 2024 ST Term - 1mS_REV 2024 S,REV 2024 ST Term - 1mS,"25,000,000.00",,"-400,000.00","-400,000.00",-70.20,"-1,404.01","-2,106.02",-2202.52,"2,202.52","#,#.00","-1,404.01",8/7/2026 12:00:00 AM,9/8/2026 12:00:00 AM,10/8/2026 12:00:00 AM,11,52,1,20,"-3,606.53",,2.55%,3.77%,6.32%,5.80%,62.0,9/27/2026 12:00:00 AM,,10/8/2026 12:00:00 AM
SCF,SCF_ACCT,5358,2026090814514326_SCF Term - 1mS_SCF,SCF Term - 1mS,"50,000,000.00",,"-500,000.00","-500,000.00",-88.78,"-1,598.03","-2,574.60",0.0,,,"-1,598.03",9/10/2026 12:00:00 AM,,10/9/2026 12:00:00 AM,12,18,,,"-1,598.03",,2.60%,3.79%,6.39%,5.60%,29.0,9/27/2026 12:00:00 AM,,10/9/2026 12:00:00 AM
Trinity Private Credit,Trinity Private Credit_ACCT,5356,2026090415265814_Trinity Private Credit Term - 3mS,Trinity Private Credit Term - 3mS,"650,000,000.00",,"-400,000.00","-400,000.00",-69.94,"-1,398.71","-6,364.14",0.0,,,"-1,398.71",9/8/2026 12:00:00 AM,,12/8/2026 12:00:00 AM,72,20,,,"-1,398.71",Diameter Fee Payment (Current),2.45%,3.84%,6.29%,,91.0,9/27/2026 12:00:00 AM,,12/8/2026 12:00:00 AM
JPASA,JPASA_BMO_ACCT,5355,202609041441258_JPASA Term - 1mS_BMO Umbrella,JPASA Term - 1mS,"10,200,000.00",,"-300,000.00","-300,000.00",-52.99,"-1,271.78","-1,642.72",0.0,,,"-1,271.78",9/4/2026 12:00:00 AM,,10/5/2026 12:00:00 AM,8,24,,,"-1,271.78",,2.50%,3.74%,6.36%,0.50%,31.0,9/27/2026 12:00:00 AM,,10/5/2026 12:00:00 AM
Nestle-2025,Nestle-2025_ACCT,5353,2026090321064390_Nestle-2025 Term - 1mS_Nestle-202,Nestle-2025 Term - 1mS,"20,000,000.00",,"-200,000.00","-200,000.00",-32.43,-810.71,"-1,037.71",0.0,,,-810.71,9/3/2026 12:00:00 AM,,10/5/2026 12:00:00 AM,8,25,,,-810.71,Management Fees,2.10%,3.74%,5.84%,,32.0,9/27/2026 12:00:00 AM,,10/5/2026 12:00:00 AM
MS RE,MS RE_ACCT,5352,2026090321031387_MS RE Term - 1mS_MS RE,MS RE Term - 1mS,"10,000,000.00",,"-400,000.00","-400,000.00",-69.57,"-1,739.21","-2,017.48",0.0,,,"-1,739.21",9/3/2026 12:00:00 AM,,10/2/2026 12:00:00 AM,5,25,,,"-1,739.21",Management Fees,2.50%,3.76%,6.26%,5.00%,29.0,9/27/2026 12:00:00 AM,,10/2/2026 12:00:00 AM
SINGULAR,SINGULAR_BMO_ACCT,5351,2026090316504876_SINGULAR Term - 1mS_BMO Umbrella,SINGULAR Term - 1mS,"18,600,000.00",,"-3,100,000.00","-3,100,000.00",-544.44,"-19,582.37","-21,760.14",0.0,,,"-19,582.37",9/2/2026 12:00:00 AM,,10/2/2026 12:00:00 AM,5,26,,,"-19,582.37",,2.50%,3.71%,6.32%,0.50%,30.0,9/27/2026 12:00:00 AM,,10/2/2026 12:00:00 AM
CASCADE,CASCADE_BMO_ACCT,5350,2026090316491673_CASCADE Term - 1mS_BMO Umbrella,CASCADE Term - 1mS,"6,200,000.00",,"-400,000.00","-400,000.00",-70.25,"-1,826.52","-2,107.52",0.0,,,"-1,826.52",9/2/2026 12:00:00 AM,,10/2/2026 12:00:00 AM,5,26,,,"-1,826.52",,2.50%,3.71%,6.32%,0.50%,30.0,9/27/2026 12:00:00 AM,,10/2/2026 12:00:00 AM
Nestle-2025,Nestle-2025_ACCT,5347,2026090315280657_Nestle-2025 Term - 1mS_Nestle-202,Nestle-2025 Term - 1mS,"20,000,000.00",,"-1,700,000.00","-1,700,000.00",-276.78,"-5,535.53","-8,303.30",-8961.2,"8,961.20","#,#.00","-5,535.53",8/6/2026 12:00:00 AM,9/8/2026 12:00:00 AM,10/8/2026 12:00:00 AM,11,53,1,20,"-14,496.73",Quinbrook III (B) SCSp,2.10%,3.76%,5.86%,,63.0,9/27/2026 12:00:00 AM,,10/8/2026 12:00:00 AM
TRS Priv Mkts,TRS Priv Mkts_ACCT,5346,2026090315080053_TRS Priv Mkts Open - 1mS_TRS PRIV,TRS Priv Mkts Open - 1mS,"125,000,000.00",,"-8,200,000.00","-8,200,000.00","-1,488.15","-38,129.41","-42,593.88",0.0,,,"-38,129.41",9/4/2026 12:00:00 AM,,,,24,,,"-38,129.41",,2.85%,3.68%,6.53%,,23.0,9/27/2026 12:00:00 AM,,10/1/2026 12:00:00 AM
EMPIRE GCM Anchor 2022,EMPIRE GCM Anchor2022_ACCT,5345,2026090221144329_EMPIRE GCM Anchor 2022 Term - 1mS,EMPIRE GCM Anchor 2022 Term - 1mS,"35,000,000.00",,"-2,100,000.00","-2,100,000.00",-327.14,"-8,505.59","-9,814.14",0.0,,,"-8,505.59",9/2/2026 12:00:00 AM,,10/2/2026 12:00:00 AM,5,26,,,"-8,505.59",Alpaca VC Fund III LP,1.90%,3.71%,5.61%,,30.0,9/27/2026 12:00:00 AM,,10/2/2026 12:00:00 AM
CASCADE,CASCADE_BMO_ACCT,5344,2026090218453126_CASCADE Term - 1mS_BMO Umbrella,CASCADE Term - 1mS,"6,200,000.00",,"-900,000.00","-900,000.00",-159.39,"-3,347.21","-4,781.72",-4855.84,"4,855.84","#,#.00","-3,347.21",8/7/2026 12:00:00 AM,9/7/2026 12:00:00 AM,10/7/2026 12:00:00 AM,10,52,1,21,"-8,203.05",,2.50%,3.76%,6.38%,0.50%,61.0,9/27/2026 12:00:00 AM,,10/7/2026 12:00:00 AM
CIS IV,CIS IV_ACCT,5343,2026090218021322_CIS IV Open - 1mS_CIS IV,CIS IV Open - 1mS,"170,000,000.00",,"-300,000.00","-300,000.00",-46.11,"-1,152.78","-1,291.12",0.0,,,"-1,152.78",9/3/2026 12:00:00 AM,,,,25,,,"-1,152.78",Management Fees,1.85%,3.68%,5.53%,,24.0,9/27/2026 12:00:00 AM,,10/1/2026 12:00:00 AM
IAF II,IAF II_ACCT,5342,2026090218014019_IAF II Open - 1mS_IAF II,IAF II Open - 1mS,"200,000,000.00",,"-3,200,000.00","-3,200,000.00",-585.19,"-14,629.69","-16,385.25",0.0,,,"-14,629.69",9/3/2026 12:00:00 AM,,,,25,,,"-14,629.69",Management Fees,2.90%,3.68%,6.58%,,24.0,9/27/2026 12:00:00 AM,,10/1/2026 12:00:00 AM
LIF,LIF_ACCT,5341,2026090218011517_LIF Open - 1mS_LIF,LIF Open - 1mS,"100,000,000.00",,"-700,000.00","-700,000.00",-127.04,"-9,854.48","-10,235.60",0.0,,,"-9,854.48",9/3/2026 12:00:00 AM,,,,25,,,"-9,854.48",Management Fees,2.85%,3.68%,6.53%,,24.0,9/27/2026 12:00:00 AM,,10/1/2026 12:00:00 AM
REV 2024 ST,REV 2024 ST_ACCT,5340,202609021546532_REV 2024 ST Term - 1mS_REV 2024 ST,REV 2024 ST Term - 1mS,"25,000,000.00",,"-300,000.00","-300,000.00",-51.94,"-1,610.28","-1,610.28",0.0,,,"-1,610.28",8/28/2026 12:00:00 AM,,9/28/2026 12:00:00 AM,1,31,,,"-1,610.28",,2.55%,3.68%,6.23%,5.80%,31.0,9/27/2026 12:00:00 AM,,9/28/2026 12:00:00 AM
JPASA,JPASA_BMO_ACCT,5339,20260901211833131_JPASA Term - 1mS_BMO Umbrella,JPASA Term - 1mS,"10,200,000.00",,"-450,000.00","-450,000.00",-78.76,"-2,205.31","-2,362.83",0.0,,,"-2,205.31",8/31/2026 12:00:00 AM,,9/30/2026 12:00:00 AM,3,28,,,"-2,205.31",,2.50%,3.69%,6.30%,0.50%,30.0,9/27/2026 12:00:00 AM,,9/30/2026 12:00:00 AM
GOLDEN,GOLDEN_BMO_ACCT,5337,20260901211532127_GOLDEN Term - 1mS_BMO Umbrella,GOLDEN Term - 1mS,"13,600,000.00",,"-600,000.00","-600,000.00",-105.01,"-2,940.41","-3,150.44",0.0,,,"-2,940.41",8/31/2026 12:00:00 AM,,9/30/2026 12:00:00 AM,3,28,,,"-2,940.41",,2.50%,3.69%,6.30%,0.50%,30.0,9/27/2026 12:00:00 AM,,9/30/2026 12:00:00 AM
GAIC,GAIC_BMO_ACCT,5335,20260901211132123_GAIC Term - 1mS_BMO Umbrella,GAIC Term - 1mS,"46,700,000.00",,.00,.00,.00,"-18,762.62","-18,762.62",0.0,,,"-18,762.62",8/31/2026 12:00:00 AM,,9/30/2026 12:00:00 AM,3,28,,,"-18,762.62",,2.50%,3.69%,6.30%,0.50%,30.0,9/27/2026 12:00:00 AM,,9/30/2026 12:00:00 AM
GCF III,GCF III_ACCT,5334,20260901202310112_GCF III  Open - 1mS_GCF III,GCF III  Open - 1mS,"200,000,000.00",,"-27,000,000.00","-27,000,000.00","-4,787.52","-119,688.00","-134,050.56",0.0,,,"-119,688.00",9/3/2026 12:00:00 AM,,,,25,,,"-119,688.00",,2.70%,3.68%,6.38%,,24.0,9/27/2026 12:00:00 AM,,10/1/2026 12:00:00 AM
GSF II,GSF II_ACCT,5333,20260901202234109_GSF II Open - o/n SOFR_GSF II,GSF II Open - o/n SOFR,"80,000,000.00",,"-900,000.00","-900,000.00",-155.00,"-3,766.25","-4,231.25",0.0,,,"-3,766.25",9/3/2026 12:00:00 AM,,,,25,,,"-3,766.25",,2.35%,3.85%,6.20%,,24.0,9/27/2026 12:00:00 AM,,10/1/2026 12:00:00 AM
ELEVATE,ELEVATE_ACCT,5332,20260901202030105_ELEVATE Open - 1mS_ELEVATE,ELEVATE Open - 1mS,"65,000,000.00",,"-47,500,000.00","-47,500,000.00","-8,884.29","-222,107.36","-248,760.24",0.0,,,"-222,107.36",9/3/2026 12:00:00 AM,,,,25,,,"-222,107.36",,3.05%,3.68%,6.73%,,24.0,9/27/2026 12:00:00 AM,,10/1/2026 12:00:00 AM
Ballmer,Ballmer_ACCT,5331,20260901201955102_Ballmer Term - 1mS_Ballmer,Ballmer Term - 1mS,"5,000,000.00",,"-100,000.00","-100,000.00",-17.39,-434.80,-504.37,0.0,,,-434.80,9/3/2026 12:00:00 AM,,10/2/2026 12:00:00 AM,5,25,,,-434.80,,2.50%,3.76%,6.26%,5.82%,29.0,9/27/2026 12:00:00 AM,,10/2/2026 12:00:00 AM
Trinity Private Equity,Trinity Private Equity_ACCT,5330,2026090118564895_Trinity Private Equity Term - 3mS,Trinity Private Equity Term - 3mS,"650,000,000.00",,"-15,500,000.00","-15,500,000.00","-2,703.18","-67,579.46","-245,989.24",0.0,,,"-67,579.46",9/3/2026 12:00:00 AM,,12/3/2026 12:00:00 AM,67,25,,,"-67,579.46",Project VAR,2.45%,3.83%,6.28%,,91.0,9/27/2026 12:00:00 AM,,12/3/2026 12:00:00 AM
Trinity Private Equity,Trinity Private Equity_ACCT,5329,2026090117584762_Trinity Private Equity Term - 3mS,Trinity Private Equity Term - 3mS,"650,000,000.00",,"-26,100,000.00","-26,100,000.00","-4,532.00","-117,832.10","-412,412.36",0.0,,,"-117,832.10",9/2/2026 12:00:00 AM,,12/2/2026 12:00:00 AM,66,26,,,"-117,832.10",Project Kelso Initial Funding,2.45%,3.80%,6.25%,,91.0,9/27/2026 12:00:00 AM,,12/2/2026 12:00:00 AM
ALPHAOPP,ALPHAOPP_BMO_ACCT,5328,202609011559192_ALPHAOPP Term - 1mS_BMO Umbrella,ALPHAOPP Term - 1mS,"16,900,000.00",,.00,.00,.00,"-1,264.51","-1,264.51",0.0,,,"-1,264.51",9/2/2026 12:00:00 AM,,10/2/2026 12:00:00 AM,5,26,,,"-1,264.51",,2.50%,3.71%,6.32%,0.50%,30.0,9/27/2026 12:00:00 AM,,10/2/2026 12:00:00 AM
Nestle-2025,Nestle-2025_ACCT,5326,2026083114391210_Nestle-2025 Term - 1mS_Nestle-202,Nestle-2025 Term - 1mS,"20,000,000.00",,"-200,000.00","-200,000.00",-32.14,-996.35,-996.35,0.0,,,-996.35,8/28/2026 12:00:00 AM,,9/28/2026 12:00:00 AM,1,31,,,-996.35,FIC PP Co-Invest LP,2.10%,3.69%,5.79%,,31.0,9/27/2026 12:00:00 AM,,9/28/2026 12:00:00 AM
ADVANCE,ADVANCE_ACCT,5325,202608311432297_ADVANCE Term - 1mS_ADVANCE,ADVANCE Term - 1mS,"20,000,000.00",,"-600,000.00","-600,000.00",-92.25,"-2,859.88","-2,859.88",0.0,,,"-2,859.88",8/28/2026 12:00:00 AM,,9/28/2026 12:00:00 AM,1,31,,,"-2,859.88",Crane 1 - converted to SOFR,1.85%,3.69%,5.54%,,31.0,9/27/2026 12:00:00 AM,,9/28/2026 12:00:00 AM
ADVANCE,ADVANCE_ACCT,5324,202608311426332_ADVANCE Open - Prime_ADVANCE,ADVANCE Open - Prime,"20,000,000.00",,.00,.00,.00,-124.93,-124.93,0.0,,,-124.93,8/27/2026 12:00:00 AM,,,,32,,,-124.93,Crane 1,0.85%,6.75%,7.60%,,31.0,9/27/2026 12:00:00 AM,,10/1/2026 12:00:00 AM
FATHUNTER,FATHUNTER_ACCT,5323,2026082821135314_FATHUNTER Open - 3mS_FATHUNTER,FATHUNTER Open - 3mS,"10,000,000.00",,"-6,504,316.48","-6,504,316.48",-935.04,"-2,805.12",,0.0,,,.00,8/28/2026 12:00:00 AM,,,,31,,,,,0.95%,4.08%,5.18%,,30.0,9/27/2026 12:00:00 AM,,
SMART,SMART_BMO_ACCT,5322,202608281555489_SMART Term - 1mS_BMO Umbrella,SMART Term - 1mS,"11,500,000.00",,.00,.00,.00,-734.97,-734.97,0.0,,,-734.97,8/28/2026 12:00:00 AM,,9/28/2026 12:00:00 AM,1,31,,,-734.97,,2.50%,3.69%,6.30%,0.50%,31.0,9/27/2026 12:00:00 AM,,9/28/2026 12:00:00 AM
TRS Priv Mkts,TRS Priv Mkts_ACCT,5319,2026082717214335_TRS Priv Mkts Open - 1mS_TRS PRIV,TRS Priv Mkts Open - 1mS,"125,000,000.00",,.00,.00,.00,"-3,266.68","-3,266.68",-1311.12,"1,311.12","#,#.00","-3,266.68",8/28/2026 12:00:00 AM,,,,31,,,"-4,577.80",,2.85%,3.68%,6.53%,,30.0,9/27/2026 12:00:00 AM,,10/1/2026 12:00:00 AM
SCF,SCF_ACCT,5318,2026082716204131_SCF Term - 1mS_SCF,SCF Term - 1mS,"50,000,000.00",,"-1,250,000.00","-1,250,000.00",-225.63,-676.90,"-6,317.73",-6330.06,"6,330.06","#,#.00",-676.90,8/27/2026 12:00:00 AM,9/25/2026 12:00:00 AM,10/23/2026 12:00:00 AM,26,32,1,3,"-7,006.96",,2.60%,3.90%,6.50%,5.60%,57.0,9/27/2026 12:00:00 AM,,10/23/2026 12:00:00 AM
Trinity Real Assets,Trinity Real Assets_ACCT,5315,202608271406031_Trinity Real Assets Term - 3mS_TRI,Trinity Real Assets Term - 3mS,"650,000,000.00",,"-100,000.00","-100,000.00",-17.27,-535.37,"-1,623.37",0.0,,,-535.37,8/28/2026 12:00:00 AM,,11/30/2026 12:00:00 AM,64,31,,,-535.37,August 2026 Expense Batch,2.45%,3.77%,6.22%,,94.0,9/27/2026 12:00:00 AM,,11/30/2026 12:00:00 AM
GRMSMF,GRMSMF_BMO_ACCT,5314,2026082620490379_GRMSMF Term - 1mS_BMO Umbrella,GRMSMF Term - 1mS,"21,200,000.00",,.00,.00,.00,"-7,221.75","-7,221.75",0.0,,,"-7,221.75",8/27/2026 12:00:00 AM,,9/28/2026 12:00:00 AM,1,32,,,"-7,221.75",,2.50%,3.69%,6.30%,0.50%,32.0,9/27/2026 12:00:00 AM,,9/28/2026 12:00:00 AM
MACRO,MACRO_ACCT,5313,2026082616512676_MACRO Open - 3mS_MACRO,MACRO Open - 3mS,"10,600,000.00",,"-10,342,781.19","-10,342,781.19","-1,529.94","-4,589.82",,0.0,,,.00,8/27/2026 12:00:00 AM,,,,32,,,,,1.10%,4.08%,5.33%,,31.0,9/27/2026 12:00:00 AM,,
REV 2024 ST,REV 2024 ST_ACCT,5312,2026082519590039_REV 2024 ST Open - Prime_REV 2024,REV 2024 ST Open - Prime,"25,000,000.00",,.00,.00,.00,-115.00,-115.00,0.0,,,-115.00,8/26/2026 12:00:00 AM,,,,33,,,-115.00,,0.15%,6.75%,6.90%,5.80%,32.0,9/27/2026 12:00:00 AM,,11/1/2026 12:00:00 AM
Trinity Private Credit,Trinity Private Credit_ACCT,5311,202608251357522_Trinity Private Credit Term - 3mS_,Trinity Private Credit Term - 3mS,"650,000,000.00",,"-19,400,000.00","-19,400,000.00","-3,344.79","-110,378.13","-311,065.63",0.0,,,"-110,378.13",8/26/2026 12:00:00 AM,,11/27/2026 12:00:00 AM,61,33,,,"-110,378.13",Project Current (Diameter),2.45%,3.76%,6.21%,,93.0,9/27/2026 12:00:00 AM,,11/27/2026 12:00:00 AM
SCFII,SCFII_ACCT,5310,2026082421170110_SCFII Term - 3mS_SCFII,SCFII Term - 3mS,"50,000,000.00",,"-2,550,000.00","-2,550,000.00",-432.57,"-14,274.72","-40,228.74",-15264.56,"15,264.56","#,#.00","-14,274.72",7/21/2026 12:00:00 AM,8/26/2026 12:00:00 AM,11/27/2026 12:00:00 AM,61,69,1,33,"-29,539.27",,2.35%,3.76%,6.11%,,129.0,9/27/2026 12:00:00 AM,,11/27/2026 12:00:00 AM
CIS IV,CIS IV_ACCT,5309,2026082120464418_CIS IV Open - 1mS_CIS IV,CIS IV Open - 1mS,"170,000,000.00",,"-100,000.00","-100,000.00",-15.37,-415.00,-461.11,-92.59,92.59,"#,#.00",-415.01,8/26/2026 12:00:00 AM,,,,33,,,-507.60,August 2026 Expense Batch,1.85%,3.68%,5.53%,,32.0,9/27/2026 12:00:00 AM,,10/1/2026 12:00:00 AM
IAF II,IAF II_ACCT,5308,2026082120471321_IAF II Open - 1mS_IAF II,IAF II Open - 1mS,"200,000,000.00",,"-200,000.00","-200,000.00",-36.57,-987.50,"-1,097.23",-220.19,220.19,"#,#.00",-987.50,8/26/2026 12:00:00 AM,,,,33,,,"-1,207.69",August 2026 Expense Batch,2.90%,3.68%,6.58%,,32.0,9/27/2026 12:00:00 AM,,10/1/2026 12:00:00 AM
TEKTON,TEKTON_BMO_ACCT,5307,2026082120164316_TEKTON Term - 1mS_BMO Umbrella,TEKTON Term - 1mS,"13,700,000.00",,"-100,000.00","-100,000.00",.00,.00,.00,-540.19,,,-540.19,8/24/2026 12:00:00 AM,,9/24/2026 12:00:00 AM,-3,35,,,-540.19,,2.50%,3.90%,6.51%,0.50%,31.0,9/27/2026 12:00:00 AM,,
Trinity Real Assets,Trinity Real Assets_ACCT,5306,202608211713529_Trinity Real Assets Term - 3mS_TRI,Trinity Real Assets Term - 3mS,"650,000,000.00",,"-2,100,000.00","-2,100,000.00",-361.25,"-12,282.47","-33,234.91",0.0,,,"-12,282.47",8/25/2026 12:00:00 AM,,11/25/2026 12:00:00 AM,59,34,,,"-12,282.47",Lightspeed Drawdown,2.45%,3.74%,6.19%,,92.0,9/27/2026 12:00:00 AM,,11/25/2026 12:00:00 AM
TRS Priv Mkts,TRS Priv Mkts_ACCT,5305,2026082117141512_TRS Priv Mkts Open - 1mS_TRS PRIV,TRS Priv Mkts Open - 1mS,"125,000,000.00",,.00,.00,.00,"-3,266.68","-3,266.68",-1966.68,"1,966.68","#,#.00","-3,266.68",8/26/2026 12:00:00 AM,,,,33,,,"-5,233.36",,2.85%,3.68%,6.53%,,32.0,9/27/2026 12:00:00 AM,,10/1/2026 12:00:00 AM
CIS IV USD,CIS IV USD_ACCT,5304,202608211713086_CIS IV USD Open - 1mS_CIS IV,CIS IV USD Open - 1mS,"170,000,000.00",,"-3,700,000.00","-3,700,000.00",-568.71,"-15,355.07","-17,061.19",-2854.96,"2,854.96","#,#.00","-15,355.08",8/27/2026 12:00:00 AM,,,,32,,,"-18,210.04",Brazos Drawdown,1.85%,3.68%,5.53%,,31.0,9/27/2026 12:00:00 AM,,10/1/2026 12:00:00 AM
Nestle-2025,Nestle-2025_ACCT,5303,202608211712203_Nestle-2025 Term - 1mS_Nestle-2025,Nestle-2025 Term - 1mS,"20,000,000.00",,"-600,000.00","-600,000.00",-96.47,"-3,087.01","-3,087.01",0.0,,,"-3,087.01",8/27/2026 12:00:00 AM,,9/28/2026 12:00:00 AM,1,32,,,"-3,087.01",,2.10%,3.69%,5.79%,,32.0,9/27/2026 12:00:00 AM,,9/28/2026 12:00:00 AM
SCFII,SCFII_ACCT,5302,2026082020255745_SCFII Term - 3mS_SCFII,SCFII Term - 3mS,"50,000,000.00",,"-5,800,000.00","-5,800,000.00",-981.19,"-37,285.07","-92,231.48",-29922.22,"29,922.22","#,#.00","-37,285.07",7/21/2026 12:00:00 AM,8/21/2026 12:00:00 AM,11/23/2026 12:00:00 AM,57,69,1,38,"-67,207.28",,2.35%,3.74%,6.09%,,125.0,9/27/2026 12:00:00 AM,,11/23/2026 12:00:00 AM
ADVANCE II,ADVANCE II_ACCT,5300,2026082020231035_ADVANCE II Term - 3mS_ADVANCE II,ADVANCE II Term - 3mS,"50,000,000.00",,"-2,600,000.00","-2,600,000.00",-428.51,"-16,711.71","-39,422.49",0.0,,,"-16,711.71",8/20/2026 12:00:00 AM,,11/20/2026 12:00:00 AM,54,39,,,"-16,711.71",Avenue Growth Partners Fund II LP,2.20%,3.73%,5.93%,,92.0,9/27/2026 12:00:00 AM,,11/20/2026 12:00:00 AM
EMPIRE GCM Anchor 2019,EMPIRE GCM Anchor_ACCT,5298,2026082018543820_EMPIRE GCM Anchor 2019 Term - 1mS,EMPIRE GCM Anchor 2019 Term - 1mS,"35,000,000.00",,"-1,100,000.00","-1,100,000.00",.00,.00,.00,-5273.44,,,"-5,273.44",8/25/2026 12:00:00 AM,,9/25/2026 12:00:00 AM,-2,34,,,"-5,273.44","Brasa Credit II, LP",1.90%,3.90%,5.80%,,31.0,9/27/2026 12:00:00 AM,,
Trinity Real Assets,Trinity Real Assets_ACCT,5297,2026082015340117_Trinity Real Assets Term - 3mS_TR,Trinity Real Assets Term - 3mS,"650,000,000.00",,"-1,100,000.00","-1,100,000.00",-189.16,"-6,620.55","-17,402.58",0.0,,,"-6,620.55",8/24/2026 12:00:00 AM,,11/24/2026 12:00:00 AM,58,35,,,"-6,620.55",NewCold Drawdown,2.45%,3.74%,6.19%,,92.0,9/27/2026 12:00:00 AM,,11/24/2026 12:00:00 AM
CIS IV USD,CIS IV USD_ACCT,5296,2026082015331913_CIS IV USD Open - 1mS_CIS IV,CIS IV USD Open - 1mS,"170,000,000.00",,"-18,100,000.00","-18,100,000.00","-2,782.05","-75,115.36","-83,461.51",-30725.55,"30,725.55","#,#.00","-75,115.37",8/21/2026 12:00:00 AM,,,,38,,,"-105,840.92",Project Flash,1.85%,3.68%,5.53%,,37.0,9/27/2026 12:00:00 AM,,10/1/2026 12:00:00 AM
AMATSU,AMATSU_ACCT,5294,2026081820372081_AMATSU Open - 1mTIBOR_AMATSU,AMATSU Open - 1mTIBOR,"2,200,000,000.00",,"-335,000,000.00","-335,000,000.00","-26,677.38","-1,306,836.24","-1,386,868.39",0.0,,,"-1,306,836.24",8/20/2026 12:00:00 AM,,,,39,,,"-1,306,836.24",,1.50%,1.41%,2.91%,0.00%,38.0,9/27/2026 12:00:00 AM,,10/1/2026 12:00:00 AM
Ballmer,Ballmer_ACCT,5293,2026081820301977_Ballmer Term - 1mS_Ballmer,Ballmer Term - 1mS,"5,000,000.00",,"-300,000.00","-300,000.00",-53.32,-533.22,"-1,493.03",-1488.36,"1,488.36","#,#.00",-533.22,8/20/2026 12:00:00 AM,9/18/2026 12:00:00 AM,10/16/2026 12:00:00 AM,19,39,1,10,"-2,021.58",,2.50%,3.90%,6.40%,5.82%,57.0,9/27/2026 12:00:00 AM,,10/16/2026 12:00:00 AM
Alpha Z VI,Alpha Z IV_ACCT,5292,2026081816212663_ALPHA Z VI Term - 1mS_AZ UBS Umbr,ALPHA Z VI Term - 1mS,"25,000,000.00",,"-8,700,000.00","-8,700,000.00","-1,422.67","-14,226.72","-44,102.84",-71377.94,"71,377.94","#,#.00","-14,226.72",8/18/2026 12:00:00 AM,9/18/2026 12:00:00 AM,10/19/2026 12:00:00 AM,22,41,1,10,"-85,604.66","Project Granite ($13.5mm), VDC Dino Holdings ($1.2mm)",2.00%,3.89%,5.89%,,62.0,9/27/2026 12:00:00 AM,,10/19/2026 12:00:00 AM
GMSUT3YD,GMSUT3YD_BMO_ACCT,5287,202608181430452_GMSUT3YD Term - 1mS_BMO Umbrella,GMSUT3YD Term - 1mS,"11,300,000.00",,"-200,000.00","-200,000.00",-36.14,-252.98,"-1,084.21",-1147.99,"1,147.99","#,#.00",-252.98,8/19/2026 12:00:00 AM,9/21/2026 12:00:00 AM,10/21/2026 12:00:00 AM,24,40,1,7,"-1,400.97",,2.50%,3.89%,6.51%,0.50%,63.0,9/27/2026 12:00:00 AM,,10/21/2026 12:00:00 AM
SCFII,SCFII_ACCT,5286,202608171610192_SCFII Term - 3mS_SCFII,SCFII Term - 3mS,"50,000,000.00",,"-1,500,000.00","-1,500,000.00",-253.03,"-10,121.12","-23,278.57",0.0,,,"-10,121.12",8/19/2026 12:00:00 AM,,11/19/2026 12:00:00 AM,53,40,,,"-10,121.12",,2.35%,3.72%,6.07%,,92.0,9/27/2026 12:00:00 AM,,11/19/2026 12:00:00 AM
SCF,SCF_ACCT,5285,202608171610465_SCF Term - 1mS_SCF,SCF Term - 1mS,"50,000,000.00",,"-1,800,000.00","-1,800,000.00",-324.93,"-3,249.35","-9,098.17",-9377.86,"9,377.87","#,#.00","-3,249.35",8/19/2026 12:00:00 AM,9/18/2026 12:00:00 AM,10/16/2026 12:00:00 AM,19,40,1,10,"-12,627.21",,2.60%,3.90%,6.50%,5.60%,58.0,9/27/2026 12:00:00 AM,,10/16/2026 12:00:00 AM
EDISTO 2026,EDISTO 2026_ACCT,5284,2026081322124288_EDISTO 2026 Term - 1mS_EDISTO 202,EDISTO 2026 Term - 1mS,"100,000,000.00",,"-700,000.00","-700,000.00",-107.76,"-1,508.68","-3,232.89",-3355.1,"3,355.10","#,#.00","-1,508.68",5/11/2026 12:00:00 AM,9/14/2026 12:00:00 AM,10/14/2026 12:00:00 AM,17,140,4,14,"-9,387.97","$500k (no cash movement) for upfront closing fee
$200k for legal closing fee",1.75%,3.79%,5.54%,,156.0,9/27/2026 12:00:00 AM,,10/14/2026 12:00:00 AM
GSF IV,GSF IV_ACCT,5283,2026081322022784_GSF IV Open - o/n SOFR_GSF IV,GSF IV Open - o/n SOFR,"68,500,000.00",,"-5,000,000.00","-5,000,000.00",-802.78,"-32,673.61","-35,081.94",0.0,,,"-32,673.61",8/17/2026 12:00:00 AM,,,,42,,,"-32,673.61",,1.90%,3.88%,5.78%,,41.0,9/27/2026 12:00:00 AM,,10/1/2026 12:00:00 AM
EMPIRE GCM Anchor 2022,EMPIRE GCM Anchor2022_ACCT,5282,2026081322015182_EMPIRE GCM Anchor 2022 Term - 1mS,EMPIRE GCM Anchor 2022 Term - 1mS,"35,000,000.00",,"-1,400,000.00","-1,400,000.00",-221.36,"-3,099.03","-6,640.78",-6896.86,"6,896.86","#,#.00","-3,099.03",8/13/2026 12:00:00 AM,9/14/2026 12:00:00 AM,10/14/2026 12:00:00 AM,17,46,1,14,"-9,995.89","NB Partners Fund IV, LP",1.90%,3.79%,5.69%,,62.0,9/27/2026 12:00:00 AM,,10/14/2026 12:00:00 AM
CIS IV GBP,CIS IV GBP_ACCT,5281,2026081314151340_CIS IV GBP Open - SONIA_CIS IV,CIS IV GBP Open - SONIA,"170,000,000.00",,"-120,010.08","-90,700.26",-13.89,-374.73,-416.40,-305.33,305.33,"#,#.00",-374.73,8/10/2026 12:00:00 AM,,,,49,,,-680.06,July 2026 Capitalized Interest,1.85%,3.73%,5.59%,0.00%,48.0,9/27/2026 12:00:00 AM,,10/1/2026 12:00:00 AM
CIS IV EUR,CIS IV EUR_ACCT,5280,2026081314142237_CIS IV EUR Open - 1m EUR_CIS IV,CIS IV EUR Open - 1m EUR,"170,000,000.00",,-51.46,-45.19,.00,.00,-.02,0.0,.11,"#,#.00",-.14,8/10/2026 12:00:00 AM,,,,49,,,-.25,July 2026 Capitalized Interest,1.85%,2.29%,4.14%,,48.0,9/27/2026 12:00:00 AM,,10/1/2026 12:00:00 AM
CIS IV USD,CIS IV USD_ACCT,5278,202608131404561_CIS IV USD Open - 1mS_CIS IV,CIS IV USD Open - 1mS,"170,000,000.00",,"-325,780.77","-325,780.77",-50.07,"-1,352.00","-1,502.22",-1106.05,"1,106.05","#,#.00","-1,352.00",8/10/2026 12:00:00 AM,,,,49,,,"-2,458.05",July 2026 Capitalized Interest,1.85%,3.68%,5.53%,,48.0,9/27/2026 12:00:00 AM,,10/1/2026 12:00:00 AM
Trinity Private Equity,Trinity Private Equity_ACCT,5277,202608121436431_Trinity Private Equity Term - 3mS_,Trinity Private Equity Term - 3mS,"650,000,000.00",,"-15,900,000.00","-15,900,000.00","-2,733.12","-128,456.72","-251,447.19",0.0,,,"-128,456.72",8/12/2026 12:00:00 AM,,11/12/2026 12:00:00 AM,46,47,,,"-128,456.72",Atlas Upfront Funding,2.45%,3.74%,6.19%,,92.0,9/27/2026 12:00:00 AM,,11/12/2026 12:00:00 AM
Nippon,Nippon_ACCT,5274,2026081120013544_Nippon Term - 1mS_Nippon,Nippon Term - 1mS,"15,000,000.00",,"-600,000.00","-600,000.00",-99.77,"-1,696.07","-3,192.61",-3027.19,"3,027.19","#,#.00","-1,696.07",8/11/2026 12:00:00 AM,9/11/2026 12:00:00 AM,10/13/2026 12:00:00 AM,16,48,1,17,"-4,723.26","OrbiMed RCO V Offshore Feeder, LP",2.10%,3.77%,5.99%,,63.0,9/27/2026 12:00:00 AM,,10/13/2026 12:00:00 AM
GCF III,GCF III_ACCT,5272,2026080721042843_GCF III  Open - 1mS_GCF III,GCF III  Open - 1mS,"200,000,000.00",,"-6,500,000.00","-6,500,000.00","-1,152.55","-31,118.88","-34,576.53",-25444.47,"25,444.47","#,#.00","-31,118.88",8/10/2026 12:00:00 AM,,,,49,,,"-56,563.35",,2.70%,3.68%,6.38%,,48.0,9/27/2026 12:00:00 AM,,10/1/2026 12:00:00 AM
SCFII,SCFII_ACCT,5266,2026080619411150_SCFII Term - 3mS_SCFII,SCFII Term - 3mS,"50,000,000.00",,"-5,400,000.00","-5,400,000.00",-916.15,"-47,639.98","-86,118.43",0.0,,,"-47,639.98",8/7/2026 12:00:00 AM,,11/9/2026 12:00:00 AM,43,52,,,"-47,639.98",,2.35%,3.76%,6.11%,,94.0,9/27/2026 12:00:00 AM,,11/9/2026 12:00:00 AM
Trinity Real Assets,Trinity Real Assets_ACCT,5261,2026080519550527_Trinity Real Assets Term - 3mS_TR,Trinity Real Assets Term - 3mS,"650,000,000.00",,"-1,300,000.00","-1,300,000.00",-224.17,"-11,656.66","-20,399.16",0.0,,,"-11,656.66",8/7/2026 12:00:00 AM,,11/6/2026 12:00:00 AM,40,52,,,"-11,656.66",Elda River Drawdown,2.45%,3.76%,6.21%,,91.0,9/27/2026 12:00:00 AM,,11/6/2026 12:00:00 AM
Trinity Real Assets,Trinity Real Assets_ACCT,5258,2026080514193014_Trinity Real Assets Term - 3mS_TR,Trinity Real Assets Term - 3mS,"650,000,000.00",,"-50,000,000.00","-50,000,000.00","-8,621.79","-448,333.17","-784,583.04",0.0,,,"-448,333.17",8/7/2026 12:00:00 AM,,11/6/2026 12:00:00 AM,40,52,,,"-448,333.17",Project Saturn,2.45%,3.76%,6.21%,,91.0,9/27/2026 12:00:00 AM,,11/6/2026 12:00:00 AM
Trinity Real Assets,Trinity Real Assets_ACCT,5257,2026080514185111_Trinity Real Assets Term - 3mS_TR,Trinity Real Assets Term - 3mS,"650,000,000.00",,"-35,100,000.00","-35,100,000.00","-6,052.50","-314,729.88","-550,777.30",0.0,,,"-314,729.88",8/7/2026 12:00:00 AM,,11/6/2026 12:00:00 AM,40,52,,,"-314,729.88",Project Rose,2.45%,3.76%,6.21%,,91.0,9/27/2026 12:00:00 AM,,11/6/2026 12:00:00 AM
WPP Infra II,WPP_Infra_II_ACCT,5254,2026080414262611_WPP Infra II Term - 1M SONIA_WPP,WPP Infra II Term - 1M SONIA,"30,000,000.00",,"-4,400,000.00","-4,400,000.00",-679.40,"-14,262.26","-20,376.82",-21744.53,"21,744.53","#,#.00","-14,262.26",8/6/2026 12:00:00 AM,9/7/2026 12:00:00 AM,10/7/2026 12:00:00 AM,10,53,1,21,"-36,006.79",,1.90%,3.73%,5.64%,,62.0,9/27/2026 12:00:00 AM,,10/7/2026 12:00:00 AM
ICENI,ICENI_ACCT,5253,2026073022072452_ICENI Open - 1mS_ICENI,ICENI Open - 1mS,"50,000,000.00",,"-11,900,000.00","-11,900,000.00","-2,126.58","-57,417.74","-63,797.49",-61884.1,"61,884.10","#,#.00","-57,417.74",8/3/2026 12:00:00 AM,,,,56,,,"-119,301.84",KKR BR ALT Co-Invest L.P.,2.75%,3.68%,6.43%,,55.0,9/27/2026 12:00:00 AM,,10/1/2026 12:00:00 AM
GRMSMF,GRMSMF_BMO_ACCT,5251,2026073018302146_GRMSMF Term - 1mS_BMO Umbrella,GRMSMF Term - 1mS,"21,200,000.00",,.00,.00,.00,-385.05,-385.05,-2009.36,"2,009.36","#,#.00",-385.05,7/31/2026 12:00:00 AM,8/31/2026 12:00:00 AM,9/30/2026 12:00:00 AM,3,59,1,28,"-2,394.41",,2.50%,3.69%,6.30%,0.50%,61.0,9/27/2026 12:00:00 AM,,9/30/2026 12:00:00 AM
CIS IV,CIS IV_ACCT,5250,2026073018045543_CIS IV Open - 1mS_CIS IV,CIS IV Open - 1mS,"170,000,000.00",,"-138,205.48","-138,205.48",-21.24,-573.56,-637.28,-661.17,661.18,"#,#.00",-573.55,7/31/2026 12:00:00 AM,,,,59,,,"-1,255.83",Upfront Fee for July 2026 upsize,1.85%,3.68%,5.53%,,58.0,9/27/2026 12:00:00 AM,,10/1/2026 12:00:00 AM
SFF,SFF_BMO_ACCT,5246,2026073015203819_SFF Term - 1mS_BMO Umbrella,SFF Term - 1mS,"3,100,000.00",,"-100,000.00","-100,000.00",-17.50,-490.07,-525.07,-565.65,565.65,"#,#.00",-490.06,7/30/2026 12:00:00 AM,8/31/2026 12:00:00 AM,9/30/2026 12:00:00 AM,3,60,1,28,"-1,055.71",,2.50%,3.69%,6.30%,0.50%,62.0,9/27/2026 12:00:00 AM,,9/30/2026 12:00:00 AM
ICENI,ICENI_ACCT,5238,20260729223444146_ICENI Open - 1mS_ICENI,ICENI Open - 1mS,"50,000,000.00",,"-100,000.00","-100,000.00",-17.87,-482.50,-536.11,-555.9,555.90,"#,#.00",-482.50,7/30/2026 12:00:00 AM,,,,60,,,"-1,073.94",Q3 Management fee,2.75%,3.68%,6.43%,,59.0,9/27/2026 12:00:00 AM,,10/1/2026 12:00:00 AM
GOLDEN,GOLDEN_BMO_ACCT,5233,2026052821152978_GOLDEN Open - Prime_BMO Umbrella,GOLDEN Term - 1mS,"13,600,000.00",,"-100,000.00","-100,000.00",-17.51,"-4,761.98","-4,761.98",-5731.4,"5,731.40","#,#.00","-4,761.98",5/26/2026 12:00:00 AM,8/27/2026 12:00:00 AM,9/28/2026 12:00:00 AM,1,125,3,32,"-15,245.30",,2.50%,3.69%,6.30%,0.50%,125.0,9/27/2026 12:00:00 AM,,9/28/2026 12:00:00 AM
JPASA,JPASA_BMO_ACCT,5231,202607291454356_JPASA Term - 1mS_BMO Umbrella,JPASA Term - 1mS,"10,200,000.00",,"-300,000.00","-300,000.00",-52.51,"-1,470.21","-1,575.22",-1747.44,"1,747.44","#,#.00","-1,470.20",7/29/2026 12:00:00 AM,8/31/2026 12:00:00 AM,9/30/2026 12:00:00 AM,3,61,1,28,"-3,217.64",,2.50%,3.69%,6.30%,0.50%,63.0,9/27/2026 12:00:00 AM,,9/30/2026 12:00:00 AM
ADVANCE II,ADVANCE II_ACCT,5230,2026072822234165_ADVANCE II Term - 3mS_ADVANCE II,ADVANCE II Term - 3mS,"50,000,000.00",,"-2,400,000.00","-2,400,000.00",-401.51,"-23,689.17","-36,537.53",0.0,,,"-23,689.17",7/31/2026 12:00:00 AM,,10/30/2026 12:00:00 AM,33,59,,,"-23,689.17","Paceline Equity Partners Opportunity Fund II, L.P.",2.20%,3.82%,6.02%,,91.0,9/27/2026 12:00:00 AM,,10/30/2026 12:00:00 AM
CROWN,CROWN_BMO_ACCT,5228,2026072820390930_CROWN Term - 1mS_BMO Umbrella,CROWN Term - 1mS,"9,100,000.00",,.00,.00,.00,-481.32,-481.32,-1456.2,"1,456.20","#,#.00",-481.31,7/29/2026 12:00:00 AM,8/31/2026 12:00:00 AM,9/30/2026 12:00:00 AM,3,61,1,28,"-1,937.51",,2.50%,3.69%,6.30%,0.50%,63.0,9/27/2026 12:00:00 AM,,9/30/2026 12:00:00 AM
Trinity Private Equity,Trinity Private Equity_ACCT,5225,202607281433334_Trinity Private Equity Term - 3mS_,Trinity Private Equity Term - 3mS,"650,000,000.00",,"-25,200,000.00","-25,200,000.00","-4,405.10","-264,306.00","-405,269.20",0.0,,,"-264,306.00",7/30/2026 12:00:00 AM,,10/30/2026 12:00:00 AM,33,60,,,"-264,306.00",Project Manatee initial drawdown,2.45%,3.84%,6.29%,,92.0,9/27/2026 12:00:00 AM,,10/30/2026 12:00:00 AM
ADVANCE II,ADVANCE II_ACCT,5223,2026072721474270_ADVANCE II Term - 3mS_ADVANCE II,ADVANCE II Term - 3mS,"50,000,000.00",,"-5,400,000.00","-5,400,000.00",-901.52,"-56,795.92","-82,940.07",0.0,,,"-56,795.92",7/27/2026 12:00:00 AM,,10/27/2026 12:00:00 AM,30,63,,,"-56,795.92",Project Yukon,2.20%,3.81%,6.01%,,92.0,9/27/2026 12:00:00 AM,,10/27/2026 12:00:00 AM
ADVANCE,ADVANCE_ACCT,5222,2026072721465367_ADVANCE Term - 1mS_ADVANCE,ADVANCE Term - 1mS,"20,000,000.00",,"-2,000,000.00","-2,000,000.00",-307.67,"-9,845.58","-9,845.58",-9600.36,"9,600.36","#,#.00","-9,845.58",7/27/2026 12:00:00 AM,8/27/2026 12:00:00 AM,9/28/2026 12:00:00 AM,1,63,1,32,"-19,445.94",Reverence Capital Partners,1.85%,3.69%,5.54%,,63.0,9/27/2026 12:00:00 AM,,9/28/2026 12:00:00 AM
Ballmer,Ballmer_ACCT,5221,2026072719502954_Ballmer Term - 1mS_Ballmer,Ballmer Term - 1mS,"5,000,000.00",,"-550,000.00","-550,000.00",-94.47,"-2,928.51","-2,928.51",-2855.82,"2,855.82","#,#.00","-2,928.50",7/29/2026 12:00:00 AM,8/28/2026 12:00:00 AM,9/28/2026 12:00:00 AM,1,61,1,31,"-5,784.32",,2.50%,3.68%,6.18%,5.82%,61.0,9/27/2026 12:00:00 AM,,9/28/2026 12:00:00 AM
Trinity Private Equity,Trinity Private Equity_ACCT,5217,2026072717130610_Trinity Private Equity Term - 3mS,Trinity Private Equity Term - 3mS,"650,000,000.00",,"-20,000,000.00","-20,000,000.00","-3,490.47","-212,918.47","-321,122.93",0.0,,,"-212,918.47",7/29/2026 12:00:00 AM,,10/29/2026 12:00:00 AM,32,61,,,"-212,918.47",Long Lake Initial Drawdown,2.45%,3.83%,6.28%,,92.0,9/27/2026 12:00:00 AM,,10/29/2026 12:00:00 AM
CIS IV EUR,CIS IV EUR_ACCT,5216,202607241428042_CIS IV EUR Open - 1m EUR_CIS IV,CIS IV EUR Open - 1m EUR,"170,000,000.00",,"-113,881.47","-100,000.00",-11.50,-310.58,-345.08,-349.27,349.27,"#,#.00",-310.57,7/28/2026 12:00:00 AM,,,,62,,,-705.03,July 26 Expense Batch,1.85%,2.29%,4.14%,,61.0,9/27/2026 12:00:00 AM,,10/1/2026 12:00:00 AM
CIS IV GBP,CIS IV GBP_ACCT,5215,2026072320265035_CIS IV GBP Open - SONIA_CIS IV,CIS IV GBP Open - SONIA,"170,000,000.00",,"-132,315.04","-100,000.00",-15.31,-413.15,-459.09,-474.5,474.50,"#,#.00",-413.15,7/24/2026 12:00:00 AM,,,,66,,,"-1,009.99",July Expense Batch,1.85%,3.73%,5.59%,0.00%,65.0,9/27/2026 12:00:00 AM,,10/1/2026 12:00:00 AM
Alpha Z VI,Alpha Z IV_ACCT,5213,2026072318300230_ALPHA Z VI Term - 1mS_AZ UBS Umbr,ALPHA Z VI Term - 1mS,"25,000,000.00",,"-3,500,000.00","-3,500,000.00",-573.47,"-2,293.87","-18,350.92",-17054.75,"17,054.75","#,#.00","-2,293.87",7/23/2026 12:00:00 AM,9/24/2026 12:00:00 AM,10/26/2026 12:00:00 AM,29,67,2,4,"-37,007.00",Aquanaut,2.00%,3.90%,5.90%,,95.0,9/27/2026 12:00:00 AM,,10/26/2026 12:00:00 AM
CASCADE,CASCADE_BMO_ACCT,5212,2026072316540223_CASCADE Term - 1mS_BMO Umbrella,CASCADE Term - 1mS,"6,200,000.00",,"-200,000.00","-200,000.00",.00,.00,.00,-1080.38,"1,151.67","#,#.00","-1,080.39",7/22/2026 12:00:00 AM,8/24/2026 12:00:00 AM,9/24/2026 12:00:00 AM,-3,68,1,35,"-2,232.06",,2.50%,3.90%,6.51%,0.50%,64.0,9/27/2026 12:00:00 AM,,
BUCKEYE,BUCKEYE_BMO_ACCT,5210,2026072316514419_BUCKEYE Term - 1mS_BMO Umbrella,BUCKEYE Term - 1mS,"8,700,000.00",,"-100,000.00","-100,000.00",.00,.00,.00,-540.19,855.03,"#,#.00",-540.19,7/22/2026 12:00:00 AM,8/24/2026 12:00:00 AM,9/24/2026 12:00:00 AM,-3,68,1,35,"-1,395.22",,2.50%,3.90%,6.51%,0.50%,64.0,9/27/2026 12:00:00 AM,,
SMART,SMART_BMO_ACCT,5208,2026072316383115_SMART Term - 1mS_BMO Umbrella,SMART Term - 1mS,"11,500,000.00",,.00,.00,.00,.00,.00,-627.32,"1,151.67","#,#.00",-627.32,7/22/2026 12:00:00 AM,8/24/2026 12:00:00 AM,9/24/2026 12:00:00 AM,-3,68,1,35,"-1,778.99",,2.50%,3.90%,6.51%,0.50%,64.0,9/27/2026 12:00:00 AM,,
GSF IV,GSF IV_ACCT,5206,2026072218532353_GSF IV Open - o/n SOFR_GSF IV,GSF IV Open - o/n SOFR,"68,500,000.00",,"-650,000.00","-650,000.00",-104.36,"-6,647.51","-6,960.60",0.0,,,"-6,647.51",7/24/2026 12:00:00 AM,,,,66,,,"-6,647.51",LOC interest,1.90%,3.88%,5.78%,,65.0,9/27/2026 12:00:00 AM,,10/1/2026 12:00:00 AM
GCF III,GCF III_ACCT,5203,2026072218502344_GCF III  Open - 1mS_GCF III,GCF III  Open - 1mS,"200,000,000.00",,"-14,700,000.00","-14,700,000.00","-2,606.54","-70,376.54","-78,196.16",-81084.22,"81,084.22","#,#.00","-70,376.55",7/24/2026 12:00:00 AM,,,,66,,,"-172,193.32",Yukon,2.70%,3.68%,6.38%,,65.0,9/27/2026 12:00:00 AM,,10/1/2026 12:00:00 AM
Trinity Private Equity,Trinity Private Equity_ACCT,5202,2026072216404331_Trinity Private Equity Term - 3mS,Trinity Private Equity Term - 3mS,"650,000,000.00",,"-32,000,000.00","-32,000,000.00","-5,533.41","-365,205.28","-503,540.61",0.0,,,"-365,205.28",7/24/2026 12:00:00 AM,,10/23/2026 12:00:00 AM,26,66,,,"-365,205.28",Project Yukon,2.45%,3.78%,6.23%,,91.0,9/27/2026 12:00:00 AM,,10/23/2026 12:00:00 AM
ADVANCE,ADVANCE_ACCT,5200,2026072120475023_ADVANCE Term - 1mS_ADVANCE,ADVANCE Term - 1mS,"20,000,000.00",,"-1,000,000.00","-1,000,000.00",-159.33,"-1,752.58","-5,098.42",-21377.38,"21,377.38","#,#.00","-1,752.58",7/8/2026 12:00:00 AM,9/17/2026 12:00:00 AM,10/19/2026 12:00:00 AM,22,82,3,11,"-53,185.27",,1.85%,3.89%,5.74%,,103.0,9/27/2026 12:00:00 AM,,10/19/2026 12:00:00 AM
ICENI,ICENI_ACCT,5199,2026072114025414_ICENI Open - 1mS_ICENI,ICENI Open - 1mS,"50,000,000.00",,"-300,000.00","-300,000.00",-53.61,"-1,447.51","-1,608.34",-1667.7,"1,667.69","#,#.00","-1,447.51",7/17/2026 12:00:00 AM,,,,73,,,"-3,914.79","Part Mayer Brown invoice Part PVM SPV Holdings XI, LLC from 7/17",2.75%,3.68%,6.43%,,72.0,9/27/2026 12:00:00 AM,,10/1/2026 12:00:00 AM
WPP Infra II,WPP_Infra_II_ACCT,5198,202607211345024_WPP Infra II Term - 1M SONIA_WPP I,WPP Infra II Term - 1M SONIA,"30,000,000.00",,"-500,000.00","-500,000.00",-77.14,-539.99,"-2,314.23",-2470.71,"2,470.71","#,#.00",-539.99,7/20/2026 12:00:00 AM,9/21/2026 12:00:00 AM,10/21/2026 12:00:00 AM,24,70,2,7,"-5,404.40",,1.90%,3.73%,5.63%,,93.0,9/27/2026 12:00:00 AM,,10/21/2026 12:00:00 AM
WPP UK,WPP_UK_ACCT,5197,202607211344272_WPP UK Term - 1M SONIA_WPP UK,WPP UK Term - 1M SONIA,"25,000,000.00",,"-300,000.00","-300,000.00",-46.28,-323.99,"-1,388.54",-1482.42,"1,482.42","#,#.00",-323.99,7/20/2026 12:00:00 AM,9/21/2026 12:00:00 AM,10/21/2026 12:00:00 AM,24,70,2,7,"-3,242.64",,1.90%,3.73%,5.63%,,93.0,9/27/2026 12:00:00 AM,,10/21/2026 12:00:00 AM
SCF,SCF_ACCT,5186,2026071520241051_SCF Term - 1mS_SCF,SCF Term - 1mS,"50,000,000.00",,"-1,850,000.00","-1,850,000.00",-333.96,"-3,339.60","-9,350.89",-16385.68,"11,031.00","#,#.00","-3,339.60",7/20/2026 12:00:00 AM,9/18/2026 12:00:00 AM,10/16/2026 12:00:00 AM,19,70,2,10,"-37,265.24",,2.60%,3.90%,6.50%,5.60%,88.0,9/27/2026 12:00:00 AM,,10/16/2026 12:00:00 AM
SCFII,SCFII_ACCT,5185,2026071520232048_SCFII Term - 3mS_SCFII,SCFII Term - 3mS,"50,000,000.00",,"-3,200,000.00","-3,200,000.00",-559.37,"-41,393.03","-51,461.61",0.0,,,"-41,393.03",7/16/2026 12:00:00 AM,,10/16/2026 12:00:00 AM,19,74,,,"-41,393.03",,2.50%,3.79%,6.29%,,92.0,9/27/2026 12:00:00 AM,,10/16/2026 12:00:00 AM
GSF IV,GSF IV_ACCT,5184,2026071516441317_GSF IV Open - o/n SOFR_GSF IV,GSF IV Open - o/n SOFR,"68,500,000.00",,"-100,000.00","-100,000.00",-16.06,"-1,160.33","-1,208.50",0.0,,,"-1,160.33",7/15/2026 12:00:00 AM,,,,75,,,"-1,160.33",,1.90%,3.88%,5.78%,,74.0,9/27/2026 12:00:00 AM,,10/1/2026 12:00:00 AM
TEKTON,TEKTON_BMO_ACCT,5183,202607151405508_TEKTON Term - 1mS_BMO Umbrella,TEKTON Term - 1mS,"13,700,000.00",,"-300,000.00","-300,000.00",-54.17,-595.85,"-1,733.39",-1615.53,"1,615.53","#,#.00",-595.85,7/15/2026 12:00:00 AM,9/17/2026 12:00:00 AM,10/19/2026 12:00:00 AM,22,75,2,11,"-4,343.28",,2.50%,3.89%,6.50%,0.50%,96.0,9/27/2026 12:00:00 AM,,10/19/2026 12:00:00 AM
Trinity Private Equity,Trinity Private Equity_ACCT,5181,202607151349532_Trinity Private Equity Term - 3mS_,Trinity Private Equity Term - 3mS,"650,000,000.00",,"-20,200,000.00","-20,200,000.00","-3,502.94","-259,217.42","-322,270.31",0.0,,,"-259,217.42",7/16/2026 12:00:00 AM,,10/16/2026 12:00:00 AM,19,74,,,"-259,217.42",Cellares (Prime Radiant),2.45%,3.79%,6.24%,,92.0,9/27/2026 12:00:00 AM,,10/16/2026 12:00:00 AM
EDISTO 2026,EDISTO 2026_ACCT,5180,2026071420435341_EDISTO 2026 Term - 1mS_EDISTO 202,EDISTO 2026 Term - 1mS,"100,000,000.00",,"-200,000.00","-200,000.00",-30.79,-431.05,-923.68,-929.04,929.04,"#,#.00",-431.05,7/14/2026 12:00:00 AM,9/14/2026 12:00:00 AM,10/14/2026 12:00:00 AM,17,76,2,14,"-2,291.72",Unused Fee,1.75%,3.79%,5.54%,,92.0,9/27/2026 12:00:00 AM,,10/14/2026 12:00:00 AM
Trinity Real Assets,Trinity Real Assets_ACCT,5177,2026071416120820_Trinity Real Assets Term - 3mS_TR,Trinity Real Assets Term - 3mS,"650,000,000.00",,"-5,300,000.00","-5,300,000.00",-919.09,"-68,012.49","-84,556.07",0.0,,,"-68,012.49",7/16/2026 12:00:00 AM,,10/16/2026 12:00:00 AM,19,74,,,"-68,012.49",NewCold Drawdown,2.45%,3.79%,6.24%,,92.0,9/27/2026 12:00:00 AM,,10/16/2026 12:00:00 AM
GCF III,GCF III_ACCT,5176,202607141530079_GCF III  Open - 1mS_GCF III,GCF III  Open - 1mS,"200,000,000.00",,"-22,800,000.00","-22,800,000.00","-4,042.79","-109,155.46","-121,283.84",-125763.28,"125,763.28","#,#.00","-109,155.46",7/14/2026 12:00:00 AM,,,,76,,,"-307,271.12",,2.70%,3.68%,6.38%,,75.0,9/27/2026 12:00:00 AM,,10/1/2026 12:00:00 AM
ADVANCE II,ADVANCE II_ACCT,5173,20260713221010146_ADVANCE II Term - 3mS_ADVANCE II,ADVANCE II Term - 3mS,"50,000,000.00",,"-300,000.00","-300,000.00",-49.69,"-3,826.03","-4,571.36",0.0,,,"-3,826.03",7/13/2026 12:00:00 AM,,10/13/2026 12:00:00 AM,16,77,,,"-3,826.03","Vista Equity Partners Hubble, L.P.",2.20%,3.76%,5.96%,,92.0,9/27/2026 12:00:00 AM,,10/13/2026 12:00:00 AM
CIS IV USD,CIS IV USD_ACCT,5172,2026071319140948_CIS IV USD Open - 1mS_CIS IV,CIS IV USD Open - 1mS,"170,000,000.00",,"-134,541.12","-134,541.12",-20.68,-558.35,-620.39,-643.64,643.64,"#,#.00",-558.35,7/10/2026 12:00:00 AM,,,,80,,,"-1,653.93",June 26 Capitalized Interest,1.85%,3.68%,5.53%,,79.0,9/27/2026 12:00:00 AM,,10/1/2026 12:00:00 AM
CIS IV,CIS IV_ACCT,5171,2026071319132445_CIS IV Open - 1mS_CIS IV,CIS IV Open - 1mS,"170,000,000.00",,"-8,257.27","-8,257.27",-1.27,-34.27,-38.08,-39.5,39.50,"#,#.00",-34.27,7/10/2026 12:00:00 AM,,,,80,,,-101.51,June 26 Capitalized Interest,1.85%,3.68%,5.53%,,79.0,9/27/2026 12:00:00 AM,,10/1/2026 12:00:00 AM
JPASA,JPASA_BMO_ACCT,5170,2026071016480821_JPASA Term - 1mS_BMO Umbrella,JPASA Term - 1mS,"10,200,000.00",,"-400,000.00","-400,000.00",-71.18,-996.58,"-2,135.53",-3893.0,"3,893.00","#,#.00",-996.58,7/13/2026 12:00:00 AM,9/14/2026 12:00:00 AM,10/14/2026 12:00:00 AM,17,77,2,14,"-9,117.70",,2.50%,3.79%,6.41%,0.50%,93.0,9/27/2026 12:00:00 AM,,10/14/2026 12:00:00 AM
GMSF,GMSF_ACCT,5168,2026071016380113_GMSF Open - 3mS_GMSF,GMSF Open - 3mS,"52,200,000.00",,"-8,547,661.37","-8,547,661.37","-1,240.66","-3,721.97",,0.0,,,.00,7/13/2026 12:00:00 AM,,,,77,,,,,1.00%,4.08%,5.23%,,76.0,9/27/2026 12:00:00 AM,,
IAF II,IAF II_ACCT,5166,2026070918151934_IAF II Open - 1mS_IAF II,IAF II Open - 1mS,"200,000,000.00",,"-200,000.00","-200,000.00",-36.57,-987.50,"-1,097.23",-1137.63,"1,137.63","#,#.00",-987.51,7/10/2026 12:00:00 AM,,,,80,,,"-2,925.29",,2.90%,3.68%,6.58%,,79.0,9/27/2026 12:00:00 AM,,10/1/2026 12:00:00 AM
POBA,POBA_ACCT,5163,2026070820401092_POBA Term - 1mS_POBA,POBA Term - 1mS,"6,000,000.00",,"-2,800,000.00","-2,800,000.00",-484.75,"-8,725.54","-15,996.83",-14734.37,"14,734.37","#,#.00","-8,725.54",7/8/2026 12:00:00 AM,9/10/2026 12:00:00 AM,10/13/2026 12:00:00 AM,16,82,2,18,"-39,197.07",Underlying investments (3 loans combined into one),2.35%,3.77%,6.23%,,97.0,9/27/2026 12:00:00 AM,,10/13/2026 12:00:00 AM
GESO,GESO_BMO_ACCT,5161,2026070815041014_GESO Term - 1mS_BMO Umbrella,GESO Term - 1mS,"47,100,000.00",,"-100,000.00","-100,000.00",-17.73,-319.13,-585.07,-539.14,539.14,"#,#.00",-319.13,7/9/2026 12:00:00 AM,9/10/2026 12:00:00 AM,10/13/2026 12:00:00 AM,16,81,2,18,"-1,416.78",,2.50%,3.77%,6.38%,0.50%,96.0,9/27/2026 12:00:00 AM,,10/13/2026 12:00:00 AM
ICENI,ICENI_ACCT,5159,2026070718330041_ICENI Open - 1mS_ICENI,ICENI Open - 1mS,"50,000,000.00",,.00,.00,.00,"-34,525.70","-34,525.70",-46695.51,"46,695.50","#,#.00","-34,525.70",6/30/2026 12:00:00 AM,,,,90,,,"-127,490.67","Cobb - 10,081,319.07 
Cash on Hand - 1,700,506.38
Short - 8,380,812.69
Leftover - 19,187.31 for expenses or whatever is next",2.75%,3.68%,6.43%,,89.0,9/27/2026 12:00:00 AM,,10/1/2026 12:00:00 AM
ADVANCE II,ADVANCE II_ACCT,5151,202607061431238_ADVANCE II Term - 3mS_ADVANCE II,ADVANCE II Term - 3mS,"50,000,000.00",,"-6,900,000.00","-6,900,000.00",.00,.00,.00,-104735.65,,,"-104,735.65",6/25/2026 12:00:00 AM,,9/25/2026 12:00:00 AM,-2,95,,,"-97,905.07","Investments (SilverStone IV, LLC)",2.20%,4.05%,6.25%,,92.0,9/27/2026 12:00:00 AM,,
Ballmer,Ballmer_ACCT,5150,2026070217512034_Ballmer Term - 1mS_Ballmer,Ballmer Term - 1mS,"5,000,000.00",,"-200,000.00","-200,000.00",-34.35,"-1,064.91","-1,064.91",-999.79,999.79,"#,#.00","-1,064.91",6/30/2026 12:00:00 AM,8/28/2026 12:00:00 AM,9/28/2026 12:00:00 AM,1,90,2,31,"-3,055.85",,2.50%,3.68%,6.18%,5.82%,90.0,9/27/2026 12:00:00 AM,,9/28/2026 12:00:00 AM
MS RE,MS RE_ACCT,5148,20260630200458113_MS RE Term - 1mS_MS RE,MS RE Term - 1mS,"10,000,000.00",,"-1,300,000.00","-1,300,000.00",-223.29,"-6,921.93","-6,921.93",-6498.65,"6,498.65","#,#.00","-6,921.93",6/30/2026 12:00:00 AM,8/28/2026 12:00:00 AM,9/28/2026 12:00:00 AM,1,90,2,31,"-19,863.06",Underlying Capital Calls,2.50%,3.68%,6.18%,5.00%,90.0,9/27/2026 12:00:00 AM,,9/28/2026 12:00:00 AM
EMPIRE GCM Anchor 2022,EMPIRE GCM Anchor2022_ACCT,5147,20260630200258110_EMPIRE GCM Anchor 2022 Term - 1m,EMPIRE GCM Anchor 2022 Term - 1mS,"35,000,000.00",,"-1,600,000.00","-1,600,000.00",-248.28,"-6,951.96","-7,448.53",-8034.18,"8,034.18","#,#.00","-6,951.96",6/30/2026 12:00:00 AM,8/31/2026 12:00:00 AM,9/30/2026 12:00:00 AM,3,90,2,28,"-22,131.64","Grandview III, L.P.",1.90%,3.69%,5.59%,,92.0,9/27/2026 12:00:00 AM,,9/30/2026 12:00:00 AM
Ballmer,Ballmer_ACCT,5133,2026062920290186_Ballmer Open - Prime_Ballmer,Ballmer Open - Prime,"5,000,000.00",,.00,.00,.00,.00,.00,-134.89,,,-134.89,6/26/2026 12:00:00 AM,,,,94,,,.00,,-0.68%,6.75%,6.07%,5.82%,93.0,9/27/2026 12:00:00 AM,,10/1/2026 12:00:00 AM
WALF,WALF_BMO_ACCT,5132,2026062620441639_WALF Term - 1mS_BMO Umbrella,WALF Term - 1mS,"6,000,000.00",,.00,.00,.00,"-1,058.90","-1,058.90",-3203.63,"3,203.63","#,#.00","-1,058.90",6/29/2026 12:00:00 AM,8/31/2026 12:00:00 AM,9/30/2026 12:00:00 AM,3,91,2,28,"-7,082.72",,2.50%,3.69%,6.30%,0.50%,93.0,9/27/2026 12:00:00 AM,,9/30/2026 12:00:00 AM
SF,SF_BMO_ACCT,5130,2026062617010121_SF Term - 1mS_BMO Umbrella,SF Term - 1mS,"3,100,000.00",,.00,.00,.00,"-1,155.16","-1,155.16",-2912.39,"2,912.39","#,#.00","-1,155.16",6/29/2026 12:00:00 AM,8/31/2026 12:00:00 AM,9/30/2026 12:00:00 AM,3,91,2,28,"-6,504.76",,2.50%,3.69%,6.30%,0.50%,93.0,9/27/2026 12:00:00 AM,,9/30/2026 12:00:00 AM
IF,IF_BMO_ACCT,5129,2026062616590418_IF Term - 1mS_BMO Umbrella,IF Term - 1mS,"3,100,000.00",,.00,.00,.00,"-1,155.16","-1,155.16",-2912.39,"2,912.39","#,#.00","-1,155.16",6/29/2026 12:00:00 AM,8/31/2026 12:00:00 AM,9/30/2026 12:00:00 AM,3,91,2,28,"-6,504.76",,2.50%,3.69%,6.30%,0.50%,93.0,9/27/2026 12:00:00 AM,,9/30/2026 12:00:00 AM
CASCADE,CASCADE_BMO_ACCT,5127,2026062616545712_CASCADE Term - 1mS_BMO Umbrella,CASCADE Term - 1mS,"6,200,000.00",,"-600,000.00","-600,000.00",-105.01,"-3,325.46","-3,535.49",-4659.83,"4,659.83","#,#.00","-3,325.46",6/29/2026 12:00:00 AM,8/31/2026 12:00:00 AM,9/30/2026 12:00:00 AM,3,91,2,28,"-11,884.81",,2.50%,3.69%,6.30%,0.50%,93.0,9/27/2026 12:00:00 AM,,9/30/2026 12:00:00 AM
SCFII,SCFII_ACCT,5125,202606261623166_SCFII Term - 3mS_SCFII,SCFII Term - 3mS,"50,000,000.00",,"-1,700,000.00","-1,700,000.00",-294.30,"-26,486.94","-27,075.53",0.0,,,"-26,486.94",6/30/2026 12:00:00 AM,,9/30/2026 12:00:00 AM,3,90,,,"-26,192.64",,2.50%,3.73%,6.23%,,92.0,9/27/2026 12:00:00 AM,,9/30/2026 12:00:00 AM
TLG,TLG_BMO_ACCT,5122,2026062520553224_TLG Term - 1mS_BMO Umbrella,TLG Term - 1mS,"5,200,000.00",,"-600,000.00","-600,000.00",-105.01,"-2,940.41","-3,150.44",-2329.91,"2,329.91","#,#.00","-2,940.41",6/29/2026 12:00:00 AM,8/31/2026 12:00:00 AM,9/30/2026 12:00:00 AM,3,91,2,28,"-7,220.09",,2.50%,3.69%,6.30%,0.50%,93.0,9/27/2026 12:00:00 AM,,9/30/2026 12:00:00 AM
GCF III,GCF III_ACCT,5118,2026062518343213_GCF III  Open - 1mS_GCF III,GCF III  Open - 1mS,"200,000,000.00",,"-2,200,000.00","-2,200,000.00",-390.09,"-10,532.54","-11,702.83",-12135.05,"12,135.05","#,#.00","-10,532.55",6/26/2026 12:00:00 AM,,,,94,,,"-34,691.07",,2.70%,3.68%,6.38%,,93.0,9/27/2026 12:00:00 AM,,10/1/2026 12:00:00 AM
EMPIRE GCM Anchor 2022,EMPIRE GCM Anchor2022_ACCT,5116,2026062422004290_EMPIRE GCM Anchor 2022 Term - 1mS,EMPIRE GCM Anchor 2022 Term - 1mS,"35,000,000.00",,"-3,400,000.00","-3,400,000.00",-547.64,"-2,190.55","-17,524.39",-16274.7,"16,274.70","#,#.00","-2,190.55",6/24/2026 12:00:00 AM,9/24/2026 12:00:00 AM,10/26/2026 12:00:00 AM,29,96,3,4,"-46,882.17","Liftbridge, Mandrake, OPC Fund, Grandview II & III capital calls",1.90%,3.90%,5.80%,,124.0,9/27/2026 12:00:00 AM,,10/26/2026 12:00:00 AM
REV 2024 ST,REV 2024 ST_ACCT,5112,2026062418311324_REV 2024 ST Term - 1mS_REV 2024 S,REV 2024 ST Term - 1mS,"25,000,000.00",,"-1,750,000.00","-1,750,000.00",-313.56,"-1,254.23","-9,093.15",-9393.06,"9,393.05","#,#.00","-1,254.23",6/22/2026 12:00:00 AM,9/24/2026 12:00:00 AM,10/23/2026 12:00:00 AM,26,98,3,4,"-26,984.73",,2.55%,3.90%,6.45%,5.80%,123.0,9/27/2026 12:00:00 AM,,10/23/2026 12:00:00 AM
Credit Spirit V,Credit Spirit V_ACCT,5105,2026062321220776_Credit Spirit V Term - 1mS_CREDIT,Credit Spirit V Term - 1mS,"60,000,000.00",,"-100,000.00","-100,000.00",-16.94,-67.76,-542.09,-504.5,504.50,"#,#.00",-67.76,6/23/2026 12:00:00 AM,9/24/2026 12:00:00 AM,10/26/2026 12:00:00 AM,29,97,3,4,"-1,451.65",June Expenses,2.20%,3.90%,6.10%,,125.0,9/27/2026 12:00:00 AM,,10/26/2026 12:00:00 AM
BUCKEYE,BUCKEYE_BMO_ACCT,5104,2026062318434073_BUCKEYE Term - 1mS_BMO Umbrella,BUCKEYE Term - 1mS,"8,700,000.00",,"-1,300,000.00","-1,300,000.00",-227.53,"-6,370.89","-6,825.95",-7572.22,"7,572.22","#,#.00","-6,370.89",6/29/2026 12:00:00 AM,8/31/2026 12:00:00 AM,9/30/2026 12:00:00 AM,3,91,2,28,"-20,279.83",,2.50%,3.69%,6.30%,0.50%,93.0,9/27/2026 12:00:00 AM,,9/30/2026 12:00:00 AM
SMART,SMART_BMO_ACCT,5102,2026062318395069_SMART Term - 1mS_BMO Umbrella,SMART Term - 1mS,"11,500,000.00",,.00,.00,.00,"-3,465.48","-3,465.48",-10484.61,"10,484.61","#,#.00","-3,465.48",6/29/2026 12:00:00 AM,8/31/2026 12:00:00 AM,9/30/2026 12:00:00 AM,3,91,2,28,"-22,724.02",,2.50%,3.69%,6.30%,0.50%,93.0,9/27/2026 12:00:00 AM,,9/30/2026 12:00:00 AM
CIS IV USD,CIS IV USD_ACCT,5100,2026062318022762_CIS IV USD Open - 1mS_CIS IV,CIS IV USD Open - 1mS,"170,000,000.00",,"-100,000.00","-100,000.00",-15.37,-415.00,-461.11,-478.4,478.40,"#,#.00",-415.00,6/24/2026 12:00:00 AM,,,,96,,,"-1,366.73",June 2026 Expense Batch,1.85%,3.68%,5.53%,,95.0,9/27/2026 12:00:00 AM,,10/1/2026 12:00:00 AM
CIS IV GBP,CIS IV GBP_ACCT,5099,2026062318015660_CIS IV GBP Open - SONIA_CIS IV,CIS IV GBP Open - SONIA,"170,000,000.00",,"-132,315.04","-100,000.00",-15.31,-413.15,-459.09,-474.53,474.53,"#,#.00",-413.15,6/24/2026 12:00:00 AM,,,,96,,,"-1,362.10",June 2026 Expense Batch,1.85%,3.73%,5.59%,0.00%,95.0,9/27/2026 12:00:00 AM,,10/1/2026 12:00:00 AM
IAF II,IAF II_ACCT,5098,2026062318012156_IAF II Open - 1mS_IAF II,IAF II Open - 1mS,"200,000,000.00",,"-200,000.00","-200,000.00",-36.57,-987.50,"-1,097.23",-1137.63,"1,137.63","#,#.00",-987.51,6/24/2026 12:00:00 AM,,,,96,,,"-3,252.62",June 2026 Expense Batch,2.90%,3.68%,6.58%,,95.0,9/27/2026 12:00:00 AM,,10/1/2026 12:00:00 AM
TEKTON,TEKTON_BMO_ACCT,5081,2026061817223313_TEKTON Term - 1mS_BMO Umbrella,TEKTON Term - 1mS,"13,700,000.00",,"-300,000.00","-300,000.00",.00,.00,.00,-1620.58,"1,727.51","#,#.00","-1,620.58",6/22/2026 12:00:00 AM,8/24/2026 12:00:00 AM,9/24/2026 12:00:00 AM,-3,98,2,35,"-5,137.29",,2.50%,3.90%,6.51%,0.50%,94.0,9/27/2026 12:00:00 AM,,
Trinity Private Credit,Trinity Private Credit_ACCT,5079,202606181708368_Trinity Private Credit Term - 3mS_,Trinity Private Credit Term - 3mS,"650,000,000.00",,"-9,800,000.00","-9,800,000.00","-1,765.47","-8,827.34","-160,657.52",-153922.91,"153,922.91","#,#.00","-8,827.34",6/23/2026 12:00:00 AM,9/23/2026 12:00:00 AM,12/23/2026 12:00:00 AM,87,97,1,5,"-149,365.64",Model T 2026 Upsize,2.45%,4.04%,6.49%,,183.0,9/27/2026 12:00:00 AM,,12/23/2026 12:00:00 AM
Ballmer,Ballmer_ACCT,5077,2026061721173135_Ballmer Term - 1mS_Ballmer,Ballmer Term - 1mS,"5,000,000.00",,"-100,000.00","-100,000.00",-17.75,-195.27,-514.81,-529.35,529.35,"#,#.00",-195.27,5/21/2026 12:00:00 AM,9/17/2026 12:00:00 AM,10/16/2026 12:00:00 AM,19,130,4,11,"-1,528.77",,2.50%,3.89%,6.39%,5.82%,148.0,9/27/2026 12:00:00 AM,,10/16/2026 12:00:00 AM
Trinity Real Assets,Trinity Real Assets_ACCT,5072,2026061518115210_Trinity Real Assets Term - 3mS_TR,Trinity Real Assets Term - 3mS,"650,000,000.00",,"-300,000.00","-300,000.00",-53.58,-589.41,"-4,876.02",-4690.06,"4,690.06","#,#.00",-589.41,6/17/2026 12:00:00 AM,9/17/2026 12:00:00 AM,12/17/2026 12:00:00 AM,81,103,1,11,"-4,565.76",Double Eagle Drawdown,2.45%,3.98%,6.43%,,183.0,9/27/2026 12:00:00 AM,,12/17/2026 12:00:00 AM
CIS IV USD,CIS IV USD_ACCT,5070,2026061119133430_CIS IV USD Open - 1mS_CIS IV,CIS IV USD Open - 1mS,"170,000,000.00",,"-22,058,823.53","-22,058,823.53","-3,390.54","-91,544.56","-101,716.18",-105529.17,"105,529.17","#,#.00","-91,544.56",6/12/2026 12:00:00 AM,,,,108,,,"-301,484.08",Project Buckeye,1.85%,3.68%,5.53%,,107.0,9/27/2026 12:00:00 AM,,10/1/2026 12:00:00 AM
GSF II,GSF II_ACCT,5069,2026061115281011_GSF II Open - o/n SOFR_GSF II,GSF II Open - o/n SOFR,"80,000,000.00",,"-2,200,000.00","-2,200,000.00",-378.89,"-9,939.72","-11,076.39",-11347.72,"11,347.72","#,#.00","-9,939.72",6/15/2026 12:00:00 AM,,,,105,,,"-32,585.66",Tax Payment 6.15.26,2.35%,3.85%,6.20%,,104.0,9/27/2026 12:00:00 AM,,10/1/2026 12:00:00 AM
CIS IV GBP,CIS IV GBP_ACCT,5066,2026061014251931_CIS IV GBP Open - SONIA_CIS IV,CIS IV GBP Open - SONIA,"170,000,000.00",,"-118,529.09","-89,580.97",-13.72,-370.10,-411.26,-425.09,425.08,"#,#.00",-370.11,6/10/2026 12:00:00 AM,,,,110,,,"-1,220.18",May 26 Capitalized Interest,1.85%,3.73%,5.59%,0.00%,109.0,9/27/2026 12:00:00 AM,,10/1/2026 12:00:00 AM
CIS IV,CIS IV_ACCT,5065,2026061014112320_CIS IV Open - 1mS_CIS IV,CIS IV Open - 1mS,"170,000,000.00",,"-7,346.43","-7,346.43",-1.13,-30.49,-33.88,-35.15,35.14,"#,#.00",-30.49,6/10/2026 12:00:00 AM,,,,110,,,-100.41,May 26 Capitalized Interest,1.85%,3.68%,5.53%,,109.0,9/27/2026 12:00:00 AM,,10/1/2026 12:00:00 AM
CIS IV USD,CIS IV USD_ACCT,5064,2026061014095418_CIS IV USD Open - 1mS_CIS IV,CIS IV USD Open - 1mS,"170,000,000.00",,"-41,244.98","-41,244.98",-6.34,-171.17,-190.19,-197.32,197.32,"#,#.00",-171.16,6/10/2026 12:00:00 AM,,,,110,,,-563.71,Capitalized Interest from Project Brazos,1.85%,3.68%,5.53%,,109.0,9/27/2026 12:00:00 AM,,10/1/2026 12:00:00 AM
ASUTY,ASUTY_ACCT,5060,2026060818265816_ASUTY Open - 1mS_ASUTY,ASUTY Open - 1mS,"114,700,000.00",,.00,.00,.00,"-142,397.47","-142,397.47",-96686.05,"96,686.05","#,#.00","-142,397.46",6/10/2026 12:00:00 AM,,,,110,,,"-142,397.47",,1.40%,3.90%,5.41%,,109.0,9/27/2026 12:00:00 AM,,10/1/2026 12:00:00 AM
Trinity Real Assets,Trinity Real Assets_ACCT,5054,20260603222406149_Trinity Real Assets Term - 3mS_T,Trinity Real Assets Term - 3mS,"650,000,000.00",,"-13,200,000.00","-13,200,000.00","-2,307.87","-46,157.47","-210,016.47",-205843.84,"205,843.84","#,#.00","-46,157.47",6/8/2026 12:00:00 AM,9/8/2026 12:00:00 AM,12/8/2026 12:00:00 AM,72,112,1,20,"-200,540.34",NewCold Initial Funding,2.45%,3.84%,6.29%,,183.0,9/27/2026 12:00:00 AM,,12/8/2026 12:00:00 AM
Trinity Real Assets,Trinity Real Assets_ACCT,5053,20260603222334146_Trinity Real Assets Term - 3mS_T,Trinity Real Assets Term - 3mS,"650,000,000.00",,"-2,000,000.00","-2,000,000.00",-349.68,"-6,993.56","-31,820.68",-31188.46,"31,188.46","#,#.00","-6,993.56",6/8/2026 12:00:00 AM,9/8/2026 12:00:00 AM,12/8/2026 12:00:00 AM,72,112,1,20,"-30,384.90",Lightspeed Drawdown,2.45%,3.84%,6.29%,,183.0,9/27/2026 12:00:00 AM,,12/8/2026 12:00:00 AM
EMPIRE GCM Anchor 2019,EMPIRE GCM Anchor_ACCT,5050,202606021437542_EMPIRE GCM Anchor 2019 Term - 1mS_,EMPIRE GCM Anchor 2019 Term - 1mS,"35,000,000.00",,"-1,300,000.00","-1,300,000.00",-203.56,"-5,089.07","-6,514.01",-6275.16,"6,275.16","#,#.00","-5,089.07",6/2/2026 12:00:00 AM,9/3/2026 12:00:00 AM,10/5/2026 12:00:00 AM,8,118,3,25,"-17,979.17",,1.90%,3.74%,5.64%,,125.0,9/27/2026 12:00:00 AM,,10/5/2026 12:00:00 AM
TLG,TLG_BMO_ACCT,5045,2026052821254791_TLG Term - 1mS_BMO Umbrella,TLG Term - 1mS,"5,200,000.00",,"-850,000.00","-850,000.00",-148.81,"-5,471.02","-5,471.02",-5458.48,"5,458.48","#,#.00","-5,471.02",5/26/2026 12:00:00 AM,8/27/2026 12:00:00 AM,9/28/2026 12:00:00 AM,1,125,3,32,"-15,455.14",,2.50%,3.69%,6.30%,0.50%,125.0,9/27/2026 12:00:00 AM,,9/28/2026 12:00:00 AM
SMART,SMART_BMO_ACCT,5044,2026052821244588_SMART Term - 1mS_BMO Umbrella,SMART Term - 1mS,"11,500,000.00",,.00,.00,.00,"-3,413.92","-3,413.92",-7096.02,"7,096.03","#,#.00","-3,413.91",5/26/2026 12:00:00 AM,8/27/2026 12:00:00 AM,9/28/2026 12:00:00 AM,1,125,3,32,"-18,203.52",,2.50%,3.69%,6.30%,0.50%,125.0,9/27/2026 12:00:00 AM,,9/28/2026 12:00:00 AM
SFF,SFF_BMO_ACCT,5043,2026052821214785_SFF Term - 1mS_BMO Umbrella,SFF Term - 1mS,"3,100,000.00",,"-600,000.00","-600,000.00",-105.04,"-3,361.40","-3,361.40",-3275.09,"3,275.09","#,#.00","-3,361.40",5/26/2026 12:00:00 AM,8/27/2026 12:00:00 AM,9/28/2026 12:00:00 AM,1,125,3,32,"-9,351.86",,2.50%,3.69%,6.30%,0.50%,125.0,9/27/2026 12:00:00 AM,,9/28/2026 12:00:00 AM
JPASA,JPASA_BMO_ACCT,5041,2026052821181081_JPASA Term - 1mS_BMO Umbrella,JPASA Term - 1mS,"10,200,000.00",,"-4,400,000.00","-4,400,000.00",-770.32,"-24,650.25","-24,650.25",-21288.07,"21,288.07","#,#.00","-24,650.25",5/26/2026 12:00:00 AM,8/27/2026 12:00:00 AM,9/28/2026 12:00:00 AM,1,125,3,32,"-63,657.91",,2.50%,3.69%,6.30%,0.50%,125.0,9/27/2026 12:00:00 AM,,9/28/2026 12:00:00 AM
GESO,GESO_BMO_ACCT,5039,2026052821120975_GESO Term - 1mS_BMO Umbrella,GESO Term - 1mS,"47,100,000.00",,"-7,000,000.00","-7,000,000.00","-1,225.51","-39,216.30","-39,216.30",-38209.36,"38,209.36","#,#.00","-39,216.30",5/26/2026 12:00:00 AM,8/27/2026 12:00:00 AM,9/28/2026 12:00:00 AM,1,125,3,32,"-116,415.72",,2.50%,3.69%,6.30%,0.50%,125.0,9/27/2026 12:00:00 AM,,9/28/2026 12:00:00 AM
CROWN,CROWN_BMO_ACCT,5037,2026052821084371_CROWN Term - 1mS_BMO Umbrella,CROWN Term - 1mS,"9,100,000.00",,.00,.00,.00,"-1,181.74","-1,181.74",-5625.76,"5,625.76","#,#.00","-1,181.74",5/26/2026 12:00:00 AM,8/27/2026 12:00:00 AM,9/28/2026 12:00:00 AM,1,125,3,32,"-13,369.66",,2.50%,3.69%,6.30%,0.50%,125.0,9/27/2026 12:00:00 AM,,9/28/2026 12:00:00 AM
CASCADE,CASCADE_BMO_ACCT,5035,2026052821064067_CASCADE Term - 1mS_BMO Umbrella,CASCADE Term - 1mS,"6,200,000.00",,.00,.00,.00,"-2,626.09","-2,626.09",-5458.48,"5,458.48","#,#.00","-2,626.09",5/26/2026 12:00:00 AM,8/27/2026 12:00:00 AM,9/28/2026 12:00:00 AM,1,125,3,32,"-12,993.14",,2.50%,3.69%,6.30%,0.50%,125.0,9/27/2026 12:00:00 AM,,9/28/2026 12:00:00 AM
BUCKEYE,BUCKEYE_BMO_ACCT,5034,2026052821030764_BUCKEYE Term - 1mS_BMO Umbrella,BUCKEYE Term - 1mS,"8,700,000.00",,"-550,000.00","-550,000.00",-96.29,"-3,081.28","-3,081.28",-3002.16,"3,002.16","#,#.00","-3,081.29",5/26/2026 12:00:00 AM,8/27/2026 12:00:00 AM,9/28/2026 12:00:00 AM,1,125,3,32,"-9,825.79",,2.50%,3.69%,6.30%,0.50%,125.0,9/27/2026 12:00:00 AM,,9/28/2026 12:00:00 AM
Nestle-2025,Nestle-2025_ACCT,5033,2026052820482536_Nestle-2025 Term - 1mS_Nestle-202,Nestle-2025 Term - 1mS,"20,000,000.00",,"-3,300,000.00","-3,300,000.00",-530.42,"-14,851.76","-15,912.60",-17665.49,"17,665.49","#,#.00","-14,851.76",5/28/2026 12:00:00 AM,8/31/2026 12:00:00 AM,9/30/2026 12:00:00 AM,3,123,3,28,"-47,282.28",Mfee's & Arcus European Infra Fund 4 SCSp cap call,2.10%,3.69%,5.79%,,125.0,9/27/2026 12:00:00 AM,,9/30/2026 12:00:00 AM
IAF II,IAF II_ACCT,5027,2026052719173955_IAF II Open - 1mS_IAF II,IAF II Open - 1mS,"200,000,000.00",,"-1,200,000.00","-1,200,000.00",-219.45,"-5,925.02","-6,583.36",-6825.79,"6,825.79","#,#.00","-5,925.02",5/28/2026 12:00:00 AM,,,,123,,,"-19,515.73",Q2 2026 Mfees,2.90%,3.68%,6.58%,,122.0,9/27/2026 12:00:00 AM,,10/1/2026 12:00:00 AM
CIS IV,CIS IV_ACCT,5026,2026052717052826_CIS IV Open - 1mS_CIS IV,CIS IV Open - 1mS,"170,000,000.00",,"-200,000.00","-200,000.00",-30.74,-830.00,-922.23,-956.8,956.80,"#,#.00",-830.00,5/28/2026 12:00:00 AM,,,,123,,,"-2,733.46",May 26 Expense Batch,1.85%,3.68%,5.53%,,122.0,9/27/2026 12:00:00 AM,,10/1/2026 12:00:00 AM
WALF,WALF_BMO_ACCT,5024,2026052622225445_WALF Term - 1mS_BMO Umbrella,WALF Term - 1mS,"6,000,000.00",,.00,.00,.00,-525.22,-525.22,-2429.9,"2,429.90","#,#.00",-525.22,5/26/2026 12:00:00 AM,8/27/2026 12:00:00 AM,9/28/2026 12:00:00 AM,1,125,3,32,"-6,331.94",,2.50%,3.69%,6.30%,0.50%,125.0,9/27/2026 12:00:00 AM,,9/28/2026 12:00:00 AM
GSF II,GSF II_ACCT,5022,2026052622015636_GSF II Open - o/n SOFR_GSF II,GSF II Open - o/n SOFR,"80,000,000.00",,"-900,000.00","-900,000.00",-155.00,"-4,066.25","-4,531.25",-4642.25,"4,642.25","#,#.00","-4,066.25",5/28/2026 12:00:00 AM,,,,123,,,"-13,330.50",,2.35%,3.85%,6.20%,,122.0,9/27/2026 12:00:00 AM,,10/1/2026 12:00:00 AM
GSF IV,GSF IV_ACCT,5021,2026052621532932_GSF IV Open - o/n SOFR_GSF IV,GSF IV Open - o/n SOFR,"68,500,000.00",,"-250,000.00","-250,000.00",-40.14,"-3,435.97","-3,556.39",-1305.28,"1,305.28","#,#.00","-3,435.97",5/28/2026 12:00:00 AM,,,,123,,,"-3,435.97",,1.90%,3.88%,5.78%,,122.0,9/27/2026 12:00:00 AM,,10/1/2026 12:00:00 AM
Ballmer,Ballmer_ACCT,5020,2026052621502528_Ballmer Term - 1mS_Ballmer,Ballmer Term - 1mS,"5,000,000.00",,"-1,300,000.00","-1,300,000.00",-231.12,-924.49,"-6,702.55",-6921.73,"6,921.73","#,#.00",-924.49,5/28/2026 12:00:00 AM,9/24/2026 12:00:00 AM,10/23/2026 12:00:00 AM,26,123,4,4,"-19,938.22",,2.50%,3.90%,6.40%,5.82%,148.0,9/27/2026 12:00:00 AM,,10/23/2026 12:00:00 AM
CIS IV GBP,CIS IV GBP_ACCT,5017,202605221524246_CIS IV GBP Open - SONIA_CIS IV,CIS IV GBP Open - SONIA,"170,000,000.00",,"-4,973.89","-3,759.13",-.58,-15.53,-17.26,-17.84,17.84,"#,#.00",-15.53,5/26/2026 12:00:00 AM,,,,125,,,-51.20,May Expense Batch,1.85%,3.73%,5.59%,0.00%,124.0,9/27/2026 12:00:00 AM,,10/1/2026 12:00:00 AM
CIS IV,CIS IV_ACCT,5014,2026052117582028_CIS IV Open - 1mS_CIS IV,CIS IV Open - 1mS,"170,000,000.00",,"-100,000.00","-100,000.00",-15.37,-415.00,-461.11,-478.4,478.40,"#,#.00",-415.00,5/26/2026 12:00:00 AM,,,,125,,,"-1,366.73",May 2026 Expense Batch,1.85%,3.68%,5.53%,,124.0,9/27/2026 12:00:00 AM,,10/1/2026 12:00:00 AM
Trinity Private Equity,Trinity Private Equity_ACCT,5013,2026052116121813_Trinity Private Equity Term - 3mS,Trinity Private Equity Term - 3mS,"650,000,000.00",,"-25,700,000.00","-25,700,000.00","-4,430.99","-146,222.57","-412,081.79",-399721.52,"399,721.52","#,#.00","-146,222.57",5/26/2026 12:00:00 AM,8/26/2026 12:00:00 AM,11/27/2026 12:00:00 AM,61,125,1,33,"-389,531.32",Project Falke,2.45%,3.76%,6.21%,,185.0,9/27/2026 12:00:00 AM,,11/27/2026 12:00:00 AM
MAC III,MAC III_ACCT,5009,2026052017131237_MAC III Open - o/n SOFR_MAC III,MAC III Open - o/n SOFR,"19,000,000.00",,"-5,450,000.00","-5,450,000.00",-875.03,"-83,765.44","-86,390.53",-37793.04,"37,777.79","#,#.00","-83,780.70",5/21/2026 12:00:00 AM,,,,130,,,"-83,765.44",,1.90%,3.88%,5.78%,,129.0,9/27/2026 12:00:00 AM,,10/1/2026 12:00:00 AM
ADVANCE II,ADVANCE II_ACCT,4982,2026051418123621_ADVANCE II Term - 3mS_ADVANCE II,ADVANCE II Term - 3mS,"50,000,000.00",,"-7,600,000.00","-7,600,000.00","-1,257.34","-56,580.29","-118,189.94",-113548.91,"113,548.91","#,#.00","-56,580.29",5/14/2026 12:00:00 AM,8/14/2026 12:00:00 AM,11/16/2026 12:00:00 AM,50,137,1,45,"-110,886.29",Project Continuum,2.20%,3.76%,5.96%,,186.0,9/27/2026 12:00:00 AM,,11/16/2026 12:00:00 AM
WPP Infra II,WPP_Infra_II_ACCT,4981,202605141603232_WPP Infra II Term - 1M SONIA_WPP I,WPP Infra II Term - 1M SONIA,"30,000,000.00",,"-1,700,000.00","-1,700,000.00",-262.37,"-2,885.54","-8,395.27",-8137.75,"8,137.75","#,#.00","-2,885.54",5/14/2026 12:00:00 AM,9/17/2026 12:00:00 AM,10/19/2026 12:00:00 AM,22,137,4,11,"-23,494.25",,1.90%,3.73%,5.63%,,158.0,9/27/2026 12:00:00 AM,,10/19/2026 12:00:00 AM
GCF III,GCF III_ACCT,4980,2026051321100837_GCF III  Open - 1mS_GCF III,GCF III  Open - 1mS,"200,000,000.00",,"-25,000,000.00","-25,000,000.00","-4,432.89","-119,688.00","-132,986.67",-137898.33,"137,898.34","#,#.00","-119,688.00",5/14/2026 12:00:00 AM,,,,137,,,"-394,216.68",,2.70%,3.68%,6.38%,,136.0,9/27/2026 12:00:00 AM,,10/1/2026 12:00:00 AM
GSF IV,GSF IV_ACCT,4979,2026051321091735_GSF IV Open - o/n SOFR_GSF IV,GSF IV Open - o/n SOFR,"68,500,000.00",,"-4,300,000.00","-4,300,000.00",-690.39,"-59,098.72","-61,169.89",-30914.61,"30,914.61","#,#.00","-59,098.72",5/15/2026 12:00:00 AM,,,,136,,,"-59,098.72",,1.90%,3.88%,5.78%,,135.0,9/27/2026 12:00:00 AM,,10/1/2026 12:00:00 AM
EMPIRE GCM Anchor 2022,EMPIRE GCM Anchor2022_ACCT,4978,2026051317452732_EMPIRE GCM Anchor 2022 Term - 1mS,EMPIRE GCM Anchor 2022 Term - 1mS,"35,000,000.00",,"-3,300,000.00","-3,300,000.00",.00,.00,.00,-18602.48,"18,602.48","#,#.00",.00,5/13/2026 12:00:00 AM,8/17/2026 12:00:00 AM,9/17/2026 12:00:00 AM,-10,138,3,42,"-46,918.18",,1.90%,3.89%,5.79%,,127.0,9/27/2026 12:00:00 AM,,
CIS IV USD,CIS IV USD_ACCT,4975,202605121508488_CIS IV USD Open - 1mS_CIS IV,CIS IV USD Open - 1mS,"170,000,000.00",,"-15,000,000.00","-15,000,000.00","-2,305.57","-62,250.30","-69,167.00",-71759.83,"71,759.84","#,#.00","-62,250.30",5/14/2026 12:00:00 AM,,,,137,,,"-205,009.18",Project Brazos,1.85%,3.68%,5.53%,,136.0,9/27/2026 12:00:00 AM,,10/1/2026 12:00:00 AM
GCF III,GCF III_ACCT,4969,2026050821271698_GCF III  Open - 1mS_GCF III,GCF III  Open - 1mS,"200,000,000.00",,"-700,000.00","-700,000.00",-124.12,"-3,351.26","-3,723.63",-3861.15,"3,861.15","#,#.00","-3,351.27",5/8/2026 12:00:00 AM,,,,143,,,"-11,038.07",,2.70%,3.68%,6.38%,,142.0,9/27/2026 12:00:00 AM,,10/1/2026 12:00:00 AM
CIS IV GBP,CIS IV GBP_ACCT,4965,2026050719574432_CIS IV GBP Open - SONIA_CIS IV,CIS IV GBP Open - SONIA,"170,000,000.00",,"-64,851.64","-49,013.05",-7.51,-202.50,-225.01,-232.58,232.58,"#,#.00",-202.49,5/11/2026 12:00:00 AM,,,,140,,,-667.61,Kestrel Capitalized Int,1.85%,3.73%,5.59%,0.00%,139.0,9/27/2026 12:00:00 AM,,10/1/2026 12:00:00 AM
Trinity Real Assets,Trinity Real Assets_ACCT,4963,202605071837158_Trinity Real Assets Term - 3mS_TRI,Trinity Real Assets Term - 3mS,"650,000,000.00",,"-200,000.00","-200,000.00",-34.51,"-1,656.33","-3,209.14",-3116.61,"3,116.61","#,#.00","-1,656.33",5/11/2026 12:00:00 AM,8/11/2026 12:00:00 AM,11/12/2026 12:00:00 AM,46,140,1,48,"-3,045.25",Q2 Mfees,2.45%,3.76%,6.21%,,185.0,9/27/2026 12:00:00 AM,,11/12/2026 12:00:00 AM
Trinity Real Assets,Trinity Real Assets_ACCT,4958,2026050417595929_Trinity Real Assets Term - 3mS_TR,Trinity Real Assets Term - 3mS,"650,000,000.00",,"-600,000.00","-600,000.00",-103.52,"-5,486.30","-9,523.40",-9358.36,"9,358.36","#,#.00","-5,486.30",5/6/2026 12:00:00 AM,8/6/2026 12:00:00 AM,11/6/2026 12:00:00 AM,40,145,1,53,"-9,148.27",Double Eagle Drawdown,2.45%,3.76%,6.21%,,184.0,9/27/2026 12:00:00 AM,,11/6/2026 12:00:00 AM
GSF II,GSF II_ACCT,4951,2026042820163927_GSF II Open - o/n SOFR_GSF II,GSF II Open - o/n SOFR,"80,000,000.00",,"-450,000.00","-450,000.00",-77.50,"-2,033.13","-2,265.63",-2321.12,"2,321.13","#,#.00","-2,033.12",4/30/2026 12:00:00 AM,,,,151,,,"-6,665.25",,2.35%,3.85%,6.20%,,150.0,9/27/2026 12:00:00 AM,,10/1/2026 12:00:00 AM
GESO,GESO_BMO_ACCT,4948,2026042818275313_GESO Term - 1mS_BMO Umbrella,GESO Term - 1mS,"47,100,000.00",,"-100,000.00","-100,000.00",-17.64,-441.08,-564.59,-540.02,540.02,"#,#.00",-441.09,4/30/2026 12:00:00 AM,9/3/2026 12:00:00 AM,10/5/2026 12:00:00 AM,8,151,4,25,"-1,555.05",,2.50%,3.74%,6.35%,0.50%,158.0,9/27/2026 12:00:00 AM,,10/5/2026 12:00:00 AM
CIS IV,CIS IV_ACCT,4942,2026042318122248_CIS IV Open - 1mS_CIS IV,CIS IV Open - 1mS,"170,000,000.00",,"-200,000.00","-200,000.00",-30.74,-830.00,-922.23,-956.8,956.79,"#,#.00",-830.01,4/24/2026 12:00:00 AM,,,,157,,,"-2,733.46",April 2026 Expense Batch,1.85%,3.68%,5.53%,,156.0,9/27/2026 12:00:00 AM,,10/1/2026 12:00:00 AM
GSF IV,GSF IV_ACCT,4936,2026042215485813_GSF IV Open - o/n SOFR_GSF IV,GSF IV Open - o/n SOFR,"68,500,000.00",,"-300,000.00","-300,000.00",-48.17,"-4,123.17","-4,267.67",-3123.5,"3,123.50","#,#.00","-4,123.17",4/24/2026 12:00:00 AM,,,,157,,,"-4,123.17",,1.90%,3.88%,5.78%,,156.0,9/27/2026 12:00:00 AM,,10/1/2026 12:00:00 AM
Trinity Real Assets,Trinity Real Assets_ACCT,4934,202604221514556_Trinity Real Assets Term - 3mS_TRI,Trinity Real Assets Term - 3mS,"650,000,000.00",,"-200,000.00","-200,000.00",-34.58,"-2,282.53","-3,250.88",-3092.53,"3,092.53","#,#.00","-2,282.53",4/24/2026 12:00:00 AM,7/24/2026 12:00:00 AM,10/26/2026 12:00:00 AM,29,157,1,66,"-3,064.16",April 2026 Expense Batch,2.45%,3.78%,6.23%,,185.0,9/27/2026 12:00:00 AM,,10/26/2026 12:00:00 AM
WPP,WPP_ACCT,4923,2026041719253240_WPP Term - 1M SONIA_WPP,WPP Term - 1M SONIA,"20,000,000.00",,"-1,500,000.00","-1,500,000.00",-231.76,"-5,789.08","-7,411.40",-7181.26,"7,181.26","#,#.00","-5,789.08",4/21/2026 12:00:00 AM,9/3/2026 12:00:00 AM,10/5/2026 12:00:00 AM,8,160,5,25,"-23,182.96",,1.90%,3.73%,5.64%,,167.0,9/27/2026 12:00:00 AM,,10/5/2026 12:00:00 AM
CIS IV GBP,CIS IV GBP_ACCT,4919,202604171639376_CIS IV GBP Open - SONIA_CIS IV,CIS IV GBP Open - SONIA,"170,000,000.00",,"-24,941,384.47","-18,850,000.00","-2,886.51","-77,878.77","-86,538.30",-89442.49,"89,442.49","#,#.00","-77,878.78",4/14/2026 12:00:00 AM,,,,167,,,"-256,749.21",Project Kestrel,1.85%,3.73%,5.59%,0.00%,166.0,9/27/2026 12:00:00 AM,,10/1/2026 12:00:00 AM
CIS IV,CIS IV_ACCT,4900,20260410192240105_CIS IV Open - 1mS_CIS IV,CIS IV Open - 1mS,"170,000,000.00",,"-6,176.71","-6,176.71",-.95,-25.63,-28.48,-29.55,29.55,"#,#.00",-25.64,4/10/2026 12:00:00 AM,,,,171,,,-84.42,Capitalized Int,1.85%,3.68%,5.53%,,170.0,9/27/2026 12:00:00 AM,,10/1/2026 12:00:00 AM
OCFV,OCFV_ACCT,4891,2026040818192766_OCFV Open - 3mS_OCFV,OCFV Open - 3mS,"225,000,000.00",,"-9,776,665.84","-9,776,665.84","-1,758.51","-5,275.53",,0.0,,,.00,4/8/2026 12:00:00 AM,,,,173,,,,,2.25%,4.08%,6.48%,,172.0,9/27/2026 12:00:00 AM,,
GSF IV,GSF IV_ACCT,4865,2026032718100448_GSF IV Open - o/n SOFR_GSF IV,GSF IV Open - o/n SOFR,"68,500,000.00",,"-13,000,000.00","-13,000,000.00","-2,087.22","-178,670.56","-184,932.22",-181368.06,"181,368.06","#,#.00","-178,670.55",3/31/2026 12:00:00 AM,,,,181,,,"-178,670.56",,1.90%,3.88%,5.78%,,180.0,9/27/2026 12:00:00 AM,,10/1/2026 12:00:00 AM
PCF,PCF_ACCT,4864,2026032717374942_PCF Open - Prime_PCF,PCF Open - Prime,"60,000,000.00",,.00,.00,.00,.00,.00,0.0,"1,161.67","#,#.00",580.84,3/30/2026 12:00:00 AM,,,,182,,,.00,,0.20%,6.75%,6.95%,5.00%,181.0,9/27/2026 12:00:00 AM,,10/1/2026 12:00:00 AM
GSF II,GSF II_ACCT,4863,2026032717381744_GSF II Open - o/n SOFR_GSF II,GSF II Open - o/n SOFR,"80,000,000.00",,"-38,000,000.00","-38,000,000.00","-6,544.44","-171,686.11","-191,319.44",-196006.11,"196,006.11","#,#.00","-171,686.11",3/30/2026 12:00:00 AM,,,,182,,,"-562,843.33",,2.35%,3.85%,6.20%,,181.0,9/27/2026 12:00:00 AM,,10/1/2026 12:00:00 AM
GESO,GESO_BMO_ACCT,4859,2026032617070950_GESO Term - 1mS_BMO Umbrella,GESO Term - 1mS,"47,100,000.00",,"-1,250,000.00","-1,250,000.00",-218.78,"-6,125.86","-6,563.42",-4368.59,"4,368.59","#,#.00","-6,125.85",3/27/2026 12:00:00 AM,8/31/2026 12:00:00 AM,9/30/2026 12:00:00 AM,3,185,5,28,"-16,500.40",,2.50%,3.69%,6.30%,0.50%,187.0,9/27/2026 12:00:00 AM,,9/30/2026 12:00:00 AM
Trinity Private Equity,Trinity Private Equity_ACCT,4837,202603241405461_Trinity Private Equity Term - 3mS_,Trinity Private Equity Term - 3mS,"650,000,000.00",,"-50,200,000.00","-50,200,000.00","-9,060.18","-27,180.54","-851,656.89",-794062.04,"794,062.04","#,#.00","-27,180.54",3/25/2026 12:00:00 AM,9/25/2026 12:00:00 AM,12/28/2026 12:00:00 AM,92,187,2,3,"-769,455.92",Project Joule initial drawdown,2.45%,4.05%,6.50%,,278.0,9/27/2026 12:00:00 AM,,12/28/2026 12:00:00 AM
GCF III,GCF III_ACCT,4834,2026032319144748_GCF III  Open - 1mS_GCF III,GCF III  Open - 1mS,"200,000,000.00",,"-19,900,000.00","-19,900,000.00","-3,528.58","-95,271.65","-105,857.39",-109767.07,"109,767.07","#,#.00","-95,271.65",3/24/2026 12:00:00 AM,5/8/2026 12:00:00 AM,,,188,1,143,"-313,796.48",,2.70%,3.68%,6.38%,,187.0,9/27/2026 12:00:00 AM,,10/1/2026 12:00:00 AM
GSF II,GSF II_ACCT,4832,2026032019415147_GSF II Open - o/n SOFR_GSF II,GSF II Open - o/n SOFR,"80,000,000.00",,"-2,500,000.00","-2,500,000.00",-430.56,"-11,295.14","-12,586.81",-12895.14,"12,895.14","#,#.00","-11,295.14",3/24/2026 12:00:00 AM,,,,188,,,"-37,029.17",,2.35%,3.85%,6.20%,,187.0,9/27/2026 12:00:00 AM,,10/1/2026 12:00:00 AM
PCF,PCF_ACCT,4826,202603201506171_PCF Open - Prime_PCF,PCF Open - Prime,"60,000,000.00",,.00,.00,.00,.00,.00,0.0,871.25,"#,#.00",96.81,3/23/2026 12:00:00 AM,,,,189,,,.00,,0.20%,6.75%,6.95%,5.00%,188.0,9/27/2026 12:00:00 AM,,10/1/2026 12:00:00 AM
GSF II,GSF II_ACCT,4817,2026031715170244_GSF II Open - o/n SOFR_GSF II,GSF II Open - o/n SOFR,"80,000,000.00",,"-200,000.00","-200,000.00",-34.44,-903.61,"-1,006.94",-1031.61,"1,031.61","#,#.00",-903.61,3/18/2026 12:00:00 AM,,,,194,,,"-2,962.33",,2.35%,3.85%,6.20%,,193.0,9/27/2026 12:00:00 AM,,10/1/2026 12:00:00 AM
MS RE,MS RE_ACCT,4815,202603171428022_MS RE Term - 1mS_MS RE,MS RE Term - 1mS,"10,000,000.00",,"-2,500,000.00","-2,500,000.00",-441.77,"-6,184.80","-13,253.15",-13215.5,"13,215.50","#,#.00","-6,184.80",3/17/2026 12:00:00 AM,9/14/2026 12:00:00 AM,10/14/2026 12:00:00 AM,17,195,6,14,"-38,240.11",,2.50%,3.86%,6.36%,5.00%,211.0,9/27/2026 12:00:00 AM,,10/14/2026 12:00:00 AM
Trinity Real Assets,Trinity Real Assets_ACCT,4813,2026031016303513_Trinity Real Assets Term - 3mS_TR,Trinity Real Assets Term - 3mS,"650,000,000.00",,"-2,000,000.00","-2,000,000.00",-350.58,"-4,908.08","-31,902.53",-31927.05,"31,927.05","#,#.00","-4,908.08",3/12/2026 12:00:00 AM,9/14/2026 12:00:00 AM,12/14/2026 12:00:00 AM,78,200,2,14,"-30,381.79",Lightspeed Drawdown,2.45%,3.86%,6.31%,,277.0,9/27/2026 12:00:00 AM,,12/14/2026 12:00:00 AM
GCF III,GCF III_ACCT,4812,202603101513468_GCF III  Open - 1mS_GCF III,GCF III  Open - 1mS,"200,000,000.00",,"-200,000.00","-200,000.00",-35.46,-957.50,"-1,063.89",-1103.19,"1,103.18","#,#.00",-957.51,3/10/2026 12:00:00 AM,5/8/2026 12:00:00 AM,,,202,1,143,"-3,153.73",,2.70%,3.68%,6.38%,,201.0,9/27/2026 12:00:00 AM,,10/1/2026 12:00:00 AM
GSF II,GSF II_ACCT,4807,2026030523152068_GSF II Open - o/n SOFR_GSF II,GSF II Open - o/n SOFR,"80,000,000.00",,"-300,000.00","-300,000.00",-51.67,"-1,355.42","-1,510.42",-1547.42,"1,547.42","#,#.00","-1,355.41",3/5/2026 12:00:00 AM,,,,207,,,"-4,443.50",,2.35%,3.85%,6.20%,,206.0,9/27/2026 12:00:00 AM,,10/1/2026 12:00:00 AM
GSF IV,GSF IV_ACCT,4793,2026022719251930_GSF IV Open - o/n SOFR_GSF IV,GSF IV Open - o/n SOFR,"68,500,000.00",,"-1,300,000.00","-1,300,000.00",-208.72,"-17,867.06","-18,493.22",-18136.81,"18,136.81","#,#.00","-17,867.05",2/27/2026 12:00:00 AM,,,,213,,,"-17,867.06",,1.90%,3.88%,5.78%,,212.0,9/27/2026 12:00:00 AM,,10/1/2026 12:00:00 AM
ANCHOR4,ANCHOR4_ACCT,4786,2026022618312621_ANCHOR4 Open - 3mS_ANCHOR4,ANCHOR4 Open - 3mS,"126,000,000.00",,"-13,874,746.32","-13,874,746.32","-1,956.05","-5,868.15",,0.0,,,.00,2/27/2026 12:00:00 AM,,,,213,,,,,1.00%,4.08%,5.08%,,212.0,9/27/2026 12:00:00 AM,,
CIS IV,CIS IV_ACCT,4777,2026022321370242_CIS IV Open - 1mS_CIS IV,CIS IV Open - 1mS,"170,000,000.00",,"-900,000.00","-900,000.00",-138.33,"-3,735.02","-4,150.02",-4305.59,"4,305.59","#,#.00","-3,735.02",2/23/2026 12:00:00 AM,,,,217,,,"-12,300.55",Feb 2026 Expense Batch,1.85%,3.68%,5.53%,,216.0,9/27/2026 12:00:00 AM,,10/1/2026 12:00:00 AM
CIS IV,CIS IV_ACCT,4760,2026021916320315_CIS IV Open - 1mS_CIS IV,CIS IV Open - 1mS,"170,000,000.00",,"-200,000.00","-200,000.00",-30.74,-830.00,-922.23,-956.8,956.80,"#,#.00",-830.00,1/22/2026 12:00:00 AM,,,,249,,,"-2,733.46",January 2026 Expense Batch,1.85%,3.68%,5.53%,,248.0,9/27/2026 12:00:00 AM,,10/1/2026 12:00:00 AM
CIS IV,CIS IV_ACCT,4759,2026021916311312_CIS IV Open - 1mS_CIS IV,CIS IV Open - 1mS,"170,000,000.00",,"-200,000.00","-200,000.00",-30.74,-830.00,-922.23,-956.8,956.80,"#,#.00",-830.00,1/20/2026 12:00:00 AM,,,,251,,,"-2,733.46",Mayer Brown Invoice (Fees),1.85%,3.68%,5.53%,,250.0,9/27/2026 12:00:00 AM,,10/1/2026 12:00:00 AM
CIS II,CIS II_ACCT,4755,202602181605026_CIS II Open - Spread Only_CIS II,CIS II Open - Spread Only,"9,600,000.00",,"-6,060,875.13","-6,060,875.13",-547.16,"-48,697.45","-50,338.94",-49791.77,"49,791.77","#,#.00","-48,697.45",2/11/2026 12:00:00 AM,7/15/2026 12:00:00 AM,,,229,1,75,"-48,697.45",,3.25%,,3.25%,,228.0,9/27/2026 12:00:00 AM,,10/1/2026 12:00:00 AM
GCF III,GCF III_ACCT,4746,2026021219390144_GCF III  Open - 1mS_GCF III,GCF III  Open - 1mS,"200,000,000.00",,"-1,000,000.00","-1,000,000.00",-177.32,"-4,787.52","-5,319.47",-18327.13,"18,327.13","#,#.00","-4,787.52",2/13/2026 12:00:00 AM,5/8/2026 12:00:00 AM,,,227,1,143,"-61,371.15",,2.70%,3.68%,6.38%,,226.0,9/27/2026 12:00:00 AM,,10/1/2026 12:00:00 AM
Trinity Real Assets,Trinity Real Assets_ACCT,4712,2026013018161511_Trinity Real Assets Term - 3mS_TR,Trinity Real Assets Term - 3mS,"650,000,000.00",,"-200,000.00","-200,000.00",-34.45,"-1,894.73","-3,169.36",-3124.91,"3,124.91","#,#.00","-1,894.73",2/2/2026 12:00:00 AM,8/4/2026 12:00:00 AM,11/4/2026 12:00:00 AM,38,238,2,55,"-3,049.58",Q1 2026 Mfees,2.45%,3.75%,6.20%,,275.0,9/27/2026 12:00:00 AM,,11/4/2026 12:00:00 AM
GCM SELECT,GCM SELECT_ACCT,4650,2026012015514312_GCM SELECT Open - o/n SOFR_GCM SE,GCM SELECT Open - o/n SOFR,"15,500,000.00",,"-1,750,000.00","-1,750,000.00",-257.47,"-58,622.82","-59,137.75",-36069.77,"36,069.77","#,#.00","-58,622.83",1/22/2026 12:00:00 AM,,,,249,,,"-58,066.58",,1.50%,3.87%,5.37%,,248.0,9/27/2026 12:00:00 AM,,9/30/2026 12:00:00 AM
Trinity Private Equity,Trinity Private Equity_ACCT,4639,202601121637499_Trinity Private Equity Term - 3mS_,Trinity Private Equity Term - 3mS,"650,000,000.00",,"-42,900,000.00","-42,900,000.00","-7,377.07","-560,657.48","-678,690.63",-663549.14,"663,549.14","#,#.00","-560,657.48",1/14/2026 12:00:00 AM,7/14/2026 12:00:00 AM,10/14/2026 12:00:00 AM,17,257,2,76,"-655,450.21",Project Apex,2.45%,3.74%,6.19%,,273.0,9/27/2026 12:00:00 AM,,10/14/2026 12:00:00 AM
GSF IV,GSF IV_ACCT,4636,2026010920130664_GSF IV Open - o/n SOFR_GSF IV,GSF IV Open - o/n SOFR,"68,500,000.00",,"-250,000.00","-250,000.00",-40.14,"-3,435.97","-3,556.39",-3487.85,"3,487.85","#,#.00","-3,435.97",1/13/2026 12:00:00 AM,,,,258,,,"-3,435.97",,1.90%,3.88%,5.78%,,257.0,9/27/2026 12:00:00 AM,,10/1/2026 12:00:00 AM
Trinity Real Assets,Trinity Real Assets_ACCT,4616,2025123117272156_Trinity Real Assets Term - 3mS_TR,Trinity Real Assets Term - 3mS,"650,000,000.00",,"-3,100,000.00","-3,100,000.00",-534.06,"-44,861.28","-49,133.78",-47987.33,"47,987.33","#,#.00","-44,861.28",1/5/2026 12:00:00 AM,7/6/2026 12:00:00 AM,10/6/2026 12:00:00 AM,9,266,2,84,"-47,497.94",Project Lightspeed Drawdown,2.45%,3.75%,6.20%,,274.0,9/27/2026 12:00:00 AM,,10/6/2026 12:00:00 AM
GSF IV,GSF IV_ACCT,4598,2025122616535154_GSF IV Open - o/n SOFR_GSF IV,GSF IV Open - o/n SOFR,"68,500,000.00",,"-23,300,000.00","-23,300,000.00","-3,740.94","-320,232.61","-331,455.44",-325067.36,"325,067.36","#,#.00","-320,232.62",12/30/2025 12:00:00 AM,,,,272,,,"-320,232.61",,1.90%,3.88%,5.78%,,271.0,9/27/2026 12:00:00 AM,,10/1/2026 12:00:00 AM
GSF IV,GSF IV_ACCT,4597,2025122616283951_GSF IV Open - o/n SOFR_GSF IV,GSF IV Open - o/n SOFR,"68,500,000.00",,"-5,000,000.00","-5,000,000.00",-802.78,"-68,719.44","-71,127.78",-69756.94,"69,756.94","#,#.00","-68,719.44",12/8/2025 12:00:00 AM,,,,294,,,"-68,719.44",,1.90%,3.88%,5.78%,,293.0,9/27/2026 12:00:00 AM,,10/1/2026 12:00:00 AM
GSF IV,GSF IV_ACCT,4596,2025122616235542_GSF IV Open - o/n SOFR_GSF IV,GSF IV Open - o/n SOFR,"68,500,000.00",,"-400,000.00","-400,000.00",-64.22,"-5,497.56","-5,690.22",-5580.56,"5,580.56","#,#.00","-5,497.56",12/8/2025 12:00:00 AM,,,,294,,,"-5,497.56",,1.90%,3.88%,5.78%,,293.0,9/27/2026 12:00:00 AM,,10/1/2026 12:00:00 AM
Trinity Real Assets,Trinity Real Assets_ACCT,4560,202512191637131_Trinity Real Assets Term - 3mS_TRI,Trinity Real Assets Term - 3mS,"650,000,000.00",,"-74,700,000.00","-74,700,000.00","-13,457.18","-67,285.92","-1,224,603.77",-1173269.49,"1,173,269.49","#,#.00","-67,285.92",12/23/2025 12:00:00 AM,9/23/2026 12:00:00 AM,12/23/2026 12:00:00 AM,87,279,3,5,"-1,138,531.98",$50mm for Project Magnolia $24.7mm to Project Bricklayer,2.45%,4.04%,6.49%,,365.0,9/27/2026 12:00:00 AM,,12/23/2026 12:00:00 AM
Trinity Private Equity,Trinity Private Equity_ACCT,4469,2025111915595310_Trinity Private Equity Term - 3mS,Trinity Private Equity Term - 3mS,"650,000,000.00",,"-53,000,000.00","-53,000,000.00","-9,137.83","-301,548.49","-849,818.47",-824328.43,"824,328.43","#,#.00","-301,548.49",11/21/2025 12:00:00 AM,8/26/2026 12:00:00 AM,11/27/2026 12:00:00 AM,61,311,3,33,"-803,313.62",Project Lego,2.45%,3.76%,6.21%,,371.0,9/27/2026 12:00:00 AM,,11/27/2026 12:00:00 AM
GSF IV,GSF IV_ACCT,4452,202511171947037_GSF IV Open - o/n SOFR_GSF IV,GSF IV Open - o/n SOFR,"68,500,000.00",,"-303,500.00","-303,500.00",-48.73,"-4,171.27","-4,317.46",-6463.1,"6,463.10","#,#.00","-4,171.27",11/19/2025 12:00:00 AM,,,,313,,,"-4,171.27",,1.90%,3.88%,5.78%,,312.0,9/27/2026 12:00:00 AM,,10/1/2026 12:00:00 AM
Trinity Private Equity,Trinity Private Equity_ACCT,4449,2025111416322213_Trinity Private Equity Term - 3mS,Trinity Private Equity Term - 3mS,"650,000,000.00",,"-50,300,000.00","-50,300,000.00","-8,631.68","-353,898.70","-794,114.16",-783984.85,"783,984.85","#,#.00","-353,898.70",11/18/2025 12:00:00 AM,8/18/2026 12:00:00 AM,11/18/2026 12:00:00 AM,52,314,3,41,"-762,934.28",Project Sail,2.45%,3.73%,6.18%,,365.0,9/27/2026 12:00:00 AM,,11/18/2026 12:00:00 AM
Trinity Private Credit,Trinity Private Credit_ACCT,4442,2025111316404715_Trinity Private Credit Term - 3mS,Trinity Private Credit Term - 3mS,"650,000,000.00",,"-44,900,000.00","-44,900,000.00","-7,705.01","-315,905.60","-708,861.34",-710526.51,"699,819.48","#,#.00","-315,905.60",11/17/2025 12:00:00 AM,8/18/2026 12:00:00 AM,11/18/2026 12:00:00 AM,52,315,3,41,"-685,772.43",Project Model T,2.45%,3.73%,6.18%,,366.0,9/27/2026 12:00:00 AM,,11/18/2026 12:00:00 AM
GIP,GIP_ACCT,4382,2025102215541810_GIP Open - 3mS_GIP,GIP Open - 3mS,"564,000,000.00",,"-92,987,001.81","-92,987,001.81","-13,367.53","-40,102.58",,0.0,,,.00,10/23/2025 12:00:00 AM,,,,340,,,,,0.95%,4.08%,5.18%,,339.0,9/27/2026 12:00:00 AM,,
GSF II,GSF II_ACCT,4338,202510011645327_GSF II Open - o/n SOFR_GSF II,GSF II Open - o/n SOFR,"80,000,000.00",,"-700,000.00","-700,000.00",-120.56,"-3,162.64","-3,524.31",-3610.64,"3,610.64","#,#.00","-3,162.64",9/17/2025 12:00:00 AM,,,,376,,,"-10,368.17",,2.35%,3.85%,6.20%,,375.0,9/27/2026 12:00:00 AM,,10/1/2026 12:00:00 AM
GSF II,GSF II_ACCT,4269,202509091909078_GSF II Open - o/n SOFR_GSF II,GSF II Open - o/n SOFR,"80,000,000.00",,"-600,000.00","-600,000.00",-103.33,"-2,710.83","-3,020.83",-3094.83,"3,094.83","#,#.00","-2,710.84",9/11/2025 12:00:00 AM,,,,382,,,"-8,887.00",,2.35%,3.85%,6.20%,,381.0,9/27/2026 12:00:00 AM,,10/1/2026 12:00:00 AM
GSF II,GSF II_ACCT,4205,2025080717051721_GSF II Open - o/n SOFR_GSF II,GSF II Open - o/n SOFR,"80,000,000.00",,"-5,000,000.00","-5,000,000.00",-861.11,"-22,590.28","-25,173.61",-25790.28,"25,790.28","#,#.00","-22,590.28",8/11/2025 12:00:00 AM,,,,413,,,"-74,058.34",,2.35%,3.85%,6.20%,,412.0,9/27/2026 12:00:00 AM,,10/1/2026 12:00:00 AM
GSF II,GSF II_ACCT,4094,2025070216452010_GSF II Open - o/n SOFR_GSF II,GSF II Open - o/n SOFR,"80,000,000.00",,"-500,000.00","-500,000.00",-86.11,"-2,259.03","-2,517.36",-2579.03,"2,579.03","#,#.00","-2,259.03",7/7/2025 12:00:00 AM,,,,448,,,"-7,405.84",,2.35%,3.85%,6.20%,,447.0,9/27/2026 12:00:00 AM,,10/1/2026 12:00:00 AM
GSF II,GSF II_ACCT,4024,2025060419091915_GSF II Open - o/n SOFR_GSF II,GSF II Open - o/n SOFR,"80,000,000.00",,"-200,000.00","-200,000.00",-34.44,-903.61,"-1,006.94",-1031.61,"1,031.61","#,#.00",-903.61,6/5/2025 12:00:00 AM,,,,480,,,"-2,962.33",,2.35%,3.85%,6.20%,,479.0,9/27/2026 12:00:00 AM,,10/1/2026 12:00:00 AM
GSF II,GSF II_ACCT,4002,202505221840352_GSF II Open - o/n SOFR_GSF II,GSF II Open - o/n SOFR,"80,000,000.00",,"-500,000.00","-500,000.00",-86.11,"-2,259.03","-2,517.36",-2579.03,"2,579.03","#,#.00","-2,259.03",5/27/2025 12:00:00 AM,,,,489,,,"-7,405.84",,2.35%,3.85%,6.20%,,488.0,9/27/2026 12:00:00 AM,,10/1/2026 12:00:00 AM
GSF II,GSF II_ACCT,3992,2025051319213926_GSF II Open - o/n SOFR_GSF II,GSF II Open - o/n SOFR,"80,000,000.00",,"-500,000.00","-500,000.00",-86.11,"-2,259.03","-2,517.36",-2579.03,"2,579.03","#,#.00","-2,259.03",5/15/2025 12:00:00 AM,,,,501,,,"-7,405.84",,2.35%,3.85%,6.20%,,500.0,9/27/2026 12:00:00 AM,,10/1/2026 12:00:00 AM
MACIII-A,MACIII-A_ACCT,3974,2025042419104122_MACIII-A Open - 1mS_MACIII-A,MACIII-A Open - 1mS,"6,500,000.00",,"-3,000,000.00","-3,000,000.00",-494.45,"-13,350.06","-14,833.40",-15385.3,"15,385.30","#,#.00","-13,301.72",4/29/2025 12:00:00 AM,,,,517,,,"-43,968.50",,2.25%,3.68%,5.93%,,516.0,9/27/2026 12:00:00 AM,,10/1/2026 12:00:00 AM
GSF II,GSF II_ACCT,3898,2025031420012113_GSF II Open - o/n SOFR_GSF II,GSF II Open - o/n SOFR,"80,000,000.00",,"-2,200,000.00","-2,200,000.00",-378.89,"-9,939.72","-11,076.39",-11347.72,"11,347.72","#,#.00","-9,939.72",3/18/2025 12:00:00 AM,,,,559,,,"-32,585.66",,2.35%,3.85%,6.20%,,558.0,9/27/2026 12:00:00 AM,,10/1/2026 12:00:00 AM
GSF II,GSF II_ACCT,3785,2025010722291427_GSF II Open - o/n SOFR_GSF II,GSF II Open - o/n SOFR,"80,000,000.00",,"-500,000.00","-500,000.00",-86.11,"-2,259.03","-2,517.36",-2579.03,"2,579.03","#,#.00","-2,259.03",1/6/2025 12:00:00 AM,,,,630,,,"-7,405.84",,2.35%,3.85%,6.20%,,629.0,9/27/2026 12:00:00 AM,,10/1/2026 12:00:00 AM
GSF II,GSF II_ACCT,3756,202412261540535_GSF II Open - o/n SOFR_GSF II,GSF II Open - o/n SOFR,"80,000,000.00",,"-500,000.00","-500,000.00",-86.11,"-2,259.03","-2,517.36",-5579.03,"5,579.03","#,#.00","-2,259.03",12/30/2024 12:00:00 AM,,,,637,,,"-23,232.12",,2.35%,3.85%,6.20%,,636.0,9/27/2026 12:00:00 AM,,10/1/2026 12:00:00 AM
PCOBE I,PCOBE I_ACCT,3389,202406141543092_PCOBE I Open - 3m EUR_PCOBE I,PCOBE I Open - 3m EUR,"630,000,000.00",,"-11,103,443.13","-9,750,000.00","-1,192.48","-8,347.35","-108,515.60",-116254.4,"116,254.40","#,#.00","-8,347.35",5/28/2024 12:00:00 AM,,,,853,,,"-113,918.19",,2.52%,2.10%,4.40%,,852.0,9/27/2026 12:00:00 AM,,12/21/2026 12:00:00 AM
PCOBE I,PCOBE I_ACCT,3324,20240501183048174_PCOBE I Open - 3mS_PCOBE I,PCOBE I Open - 3mS,"630,000,000.00",,"-460,750,000.00","-460,750,000.00","-83,395.88","-583,771.15","-7,589,024.90",-6894438.97,"6,894,438.97","#,#.00","-583,771.15",3/21/2024 12:00:00 AM,,,,921,,,"-6,785,096.24",,2.52%,4.00%,6.52%,,920.0,9/27/2026 12:00:00 AM,,12/21/2026 12:00:00 AM
PCOBE I,PCOBE I_ACCT,3318,2024050115501968_PCOBE I Open - SONIA_PCOBE I,PCOBE I Open - SONIA,"630,000,000.00",,"-19,982,992.43","-15,102,586.13","-2,607.42","-18,251.06","-237,274.17",-184087.59,"184,087.59","#,#.00","-18,250.94",11/9/2023 12:00:00 AM,,,,1054,,,"-195,590.52",,2.52%,3.73%,6.30%,,1053.0,9/27/2026 12:00:00 AM,,12/21/2026 12:00:00 AM
PENGANA,PENGANA_ACCT,3119,2024012921103469_PENGANA Open - O/N SOFR DUMMY_PEN,PENGANA Open - O/N SOFR DUMMY,"68,500,000.00",,"-2,350,000.00","-2,350,000.00",-454.72,"-87,364.10","-88,241.51",-27376.54,"27,376.54","#,#.00","-87,364.10",1/25/2024 12:00:00 AM,,,,977,,,"-87,004.65",,2.85%,3.87%,6.72%,,976.0,9/27/2026 12:00:00 AM,,9/30/2026 12:00:00 AM
GSF III,GSF III_ACCT,3048,2023122719371234_GSF III Open - o/n SOFR_GSF III,GSF III Open - o/n SOFR,"260,000,000.00",,"-225,975,000.00","-225,975,000.00","-36,281.54","-3,095,520.07","-3,204,364.69",-3041305.77,"3,041,199.56","#,#.00","-3,095,922.06",12/29/2023 12:00:00 AM,,,,1004,,,"-3,095,520.07",,1.90%,3.88%,5.78%,,1003.0,9/27/2026 12:00:00 AM,,10/1/2026 12:00:00 AM
GLFF1,GLFF1_ACCT,437,202202081614104_GLFF1 Term_GLFF1,GLFF1 Term,"167,000,000.00",,"-173,082,779.89","-173,082,779.89","-29,635.95","-829,806.73","-2,696,871.88",-2698616.88,"2,698,616.88","#,#.00","-829,806.73",2/1/2021 12:00:00 AM,,,,2065,,,"-2,581,036.84",,2.40%,3.76%,6.16%,,2064.0,9/27/2026 12:00:00 AM,,11/30/2026 12:00:00 AM
